"MMSA","BMI_.kg.m2.","underweight","normalweight","overweight","obese","extremeobesity","Gen_Hlth_good","Gen_Hlth_bad","Gen_Hlth_unkn","Insured","Uninsured","Unkn_insurance","BP_High","BP_normal","BP_unkn","Chol_High","Chol_normal","Unkn_chol","HD_yes","HD_no","Unkn_HD","cancer_yes","cancer_no","Unkn_cancer","KD_yes","KD_no","Unkn_KD","Diabetes_yes","Diabetes_no","Unkn_Diabetes","Smoke_yes","Smoke_no","Unkn_Smoke","age_30minus","age_30_40","age_40_50","age_50_60","age_60_70","age_70plus"
10100,27.8936923647087,0.0273858960433866,0.389987983853978,0.260110547895514,0.256900744328724,0.065614827878397,0.866917674821256,0.13256301194596,0.00051931323278417,0.900378907062736,0.0961936819452072,0.00342741099205691,0.334579223264446,0.660390929675553,0.00502984706000074,0.221788750498703,0.648544671735206,0.129666577766091,0.0407678076862737,0.948437303479271,0.0107948888344557,0.115976616346086,0.884023383653914,0,0.0262953092337034,0.973007497972152,0.000697192794144339,0.147432399650621,0.852567600349379,0,0.812450832741645,0.157850968906765,0.0296981983515893,0.157564261719439,0.217931106914847,0.132607320734229,0.189974370423464,0.138836287470532,0.163086652737488
10580,27.7064339539284,0,0.381870519153319,0.307514422055033,0.265800007018554,0.0448150517730941,0.832306410678513,0.166409351182194,0.00128423813929314,0.928236120452512,0.0687274139621156,0.00303646558537198,0.345533757384915,0.650917886647538,0.0035483559675468,0.248192304052633,0.656748047493163,0.0950596484542037,0.0489171796847993,0.947656442373684,0.00342637794151623,0.0712864640702103,0.927688591734315,0.00102494419547455,0.0255728992337787,0.973466071372606,0.000961029393615119,0.128654675192432,0.867972042793794,0.00337328201377394,0.786734588988409,0.147281154717137,0.065984256294454,0.194666274317853,0.161972535899154,0.149607181091893,0.189182763253904,0.168493133924705,0.13607811151249
10740,27.1596265577653,0.0211864445222619,0.4009976233294,0.364470078544277,0.17336668009315,0.0399791735109115,0.807118457507335,0.191388088434656,0.00149345405800973,0.879424477829677,0.115770558086596,0.00480496408372683,0.30520877987137,0.692774137044941,0.00201708308368935,0.259514169746307,0.613402252561582,0.127083577692111,0.0249364679500531,0.965018673532205,0.0100448585177418,0.066062705646949,0.93325578673464,0.000681507618411336,0.0323032731320024,0.962984025301249,0.00471270156674859,0.126246236244488,0.87310281950648,0.000650944249032328,0.79568784022843,0.159821582398945,0.0444905773726247,0.198658306875834,0.176376798629293,0.168994164103449,0.16021584975122,0.160524160882069,0.135230719758135
10900,26.2659297397001,0.0113943569321191,0.488008316703372,0.276431301746692,0.213233857190163,0.0109321674276549,0.827643545212788,0.170449837289304,0.00190661749790751,0.924146620085559,0.0642163300576788,0.0116370498567622,0.335627525150415,0.663206049480942,0.00116642536864356,0.268844421015035,0.667800647363597,0.0633549316213678,0.0402656597466581,0.944598730137438,0.015135610115904,0.0866377099104945,0.912935042697087,0.00042724739241825,0.0251271264202284,0.9746741761696,0.000198697410171298,0.141331033373681,0.858668966626319,0,0.766425032838455,0.174623536637226,0.0589514305243193,0.209142376105108,0.123276345158443,0.153626832379525,0.185402546036146,0.16212651567305,0.166425384647728
11260,28.8114522681823,0.0161682839876152,0.388548519097747,0.210562645694755,0.292071675683369,0.0926488755365137,0.804525230502884,0.190376997345633,0.0050977721514829,0.887619726548681,0.103535922367553,0.00884435108376518,0.339716156954259,0.653157623114055,0.0071262199316863,0.246290004281845,0.552417934304831,0.201292061413324,0.0305663263710099,0.967754143464151,0.00167953016483939,0.0708400234830874,0.926272837552255,0.00288713896465712,0.0254928452856348,0.970644532002046,0.0038626227123195,0.0967534002514599,0.902858647129384,0.000387952619156227,0.751803806959203,0.184884670967483,0.0633115220733136,0.250407170764696,0.20505645976756,0.151057574390195,0.165499142806038,0.134674815994015,0.0933048362774968
12060,27.4590048841419,0.0221275168090245,0.409903725836043,0.297484824681219,0.215854841579275,0.0546290910944384,0.838983048989954,0.160036469539846,0.000980481470199854,0.834443460033396,0.162152087575982,0.0034044523906227,0.325419689278441,0.671992548693297,0.00258776202826215,0.258767766547626,0.668223482881832,0.0730087505705424,0.0273991603078738,0.966247776968794,0.00635306272333255,0.0540308263805209,0.944369503325711,0.00159967029376761,0.0244605308917894,0.972679913971113,0.00285955513709791,0.127953686234425,0.867381782016496,0.0046645317490797,0.806415299997876,0.141541994122837,0.0520427058792878,0.206731350322751,0.181151490101685,0.20587613266584,0.167857287123261,0.131460584979371,0.106923154807093
12260,30.0064006560203,0.018785660010224,0.267199800162979,0.340612977837995,0.253532162496921,0.11986939949188,0.816251342846751,0.18240807125665,0.00134058589659812,0.844936639178428,0.143710278674331,0.0113530821472413,0.399431398641193,0.598730199756396,0.00183840160241141,0.327362644822273,0.561183377947026,0.111453977230701,0.0595064210473178,0.927950064069105,0.0125435148835773,0.0681329518251763,0.93013504233323,0.00173200584159344,0.0277422749614743,0.96922926848228,0.00302845655624548,0.171640458963896,0.818421050112435,0.00993849092366841,0.791249045013802,0.159044066254689,0.049706888731509,0.227122716798681,0.156568248340328,0.163118608068703,0.131847230916887,0.201514832983935,0.119828362891466
12420,26.5490048042858,0.00628441757310103,0.414698566494702,0.374048159426739,0.178906763520903,0.0260620929845552,0.844051464561963,0.149233092315224,0.00671544312281319,0.817606140846724,0.182216958431911,0.00017690072136489,0.277186952777368,0.71735317229423,0.00545987492840255,0.284218251782266,0.636118190973033,0.0796635572447008,0.0244021895606181,0.970636867648787,0.00496094279059445,0.0561623833970218,0.943725152200187,0.000112464402791349,0.0238413799366972,0.975400954048012,0.000757666015290723,0.112363206541661,0.887636793458339,0,0.841617858894461,0.120101652627313,0.0382804884782255,0.226801002062076,0.220221966648024,0.175122113699109,0.169216348687281,0.121996827631219,0.0866417412722919
12580,27.7633563366564,0.0132665529389671,0.402330680131022,0.305366596798963,0.218852294030438,0.0601838761006092,0.846588871732181,0.152826257408925,0.000584870858893544,0.9345192217925,0.0595934642848397,0.00588731392266047,0.352649393923024,0.644918390249865,0.00243221582711094,0.283154234003049,0.652314516025343,0.0645312499716086,0.0337831784326874,0.958544250723886,0.00767257084342674,0.0653134910833691,0.931503686159912,0.00318282275671877,0.0321339440686897,0.965556227910521,0.00230982802078954,0.13095222546885,0.864899888356705,0.00414788617444481,0.801566378758545,0.146084250544181,0.0523493706972736,0.198585420880838,0.176409539991591,0.156188590481936,0.180005157748319,0.15322800790151,0.135583282995806
12940,29.3816427592564,0.0120292434414156,0.338976346929555,0.276688885128354,0.286293220687712,0.086012303812963,0.80011002800878,0.196873892486169,0.00301607950505108,0.875458687622444,0.108925886190118,0.0156154261874376,0.386760903714701,0.610382848141389,0.00285624814390992,0.310762129673054,0.597499260155277,0.0917386101716691,0.0461486902544725,0.953340429845532,0.000510879899995619,0.0685439348129514,0.930367506423421,0.00108855876362756,0.0261617578422213,0.973838242157779,0,0.138245517143132,0.861754482856868,0,0.730192411320341,0.202238693443999,0.0675688952356594,0.241317757676335,0.17848789510216,0.156682993038182,0.171218580817209,0.140342212688291,0.111950560677823
13740,26.6429092465456,0.0272137140982612,0.415366358744114,0.369988547711552,0.152810261271566,0.0346211181745067,0.855237337214691,0.143221159670912,0.00154150311439702,0.902797526689616,0.0962889899475075,0.000913483362876765,0.2657965399189,0.72796571437091,0.00623774571018982,0.241067018206499,0.651268829980683,0.107664151812818,0.0321638562670268,0.962397468391726,0.00543867534124768,0.0803306457873001,0.9196693542127,0,0.028490885821423,0.971509114178577,0,0.0865557037504625,0.913444296249538,0,0.801263740511791,0.168521412857179,0.0302148466310303,0.195345488556573,0.165357254541365,0.161684440429097,0.162690743644535,0.160323007856421,0.154599064972009
13820,28.7428029601765,0.0180234798086439,0.3385651933775,0.292508656261665,0.277907494624852,0.0729951759273389,0.802712851578298,0.19706540613623,0.000221742285471564,0.871999721278625,0.123551811156191,0.00444846756518357,0.427357273053747,0.571206783058811,0.00143594388744166,0.298665916801051,0.599351515771623,0.101982567427326,0.0442741957711378,0.951170247175848,0.00455555705301399,0.0713655652632235,0.928634434736777,0,0.0463151390953166,0.946866283681673,0.00681857722300996,0.160616425429518,0.838937003901123,0.00044657066935847,0.774296806969353,0.189988293542698,0.0357148994879491,0.189996599848784,0.183121825054829,0.159929077706065,0.155261076379308,0.172160173793101,0.139531247217913
13900,27.4540612349997,0.0289248280506386,0.380192234858873,0.306288604167449,0.234338303507183,0.0502560294158569,0.861846183879193,0.137779769011255,0.00037404710955156,0.933856194002103,0.0628236698363284,0.00332013616156894,0.31985339474616,0.67676391028156,0.00338269497227991,0.275804622164244,0.609136848189572,0.115058529646184,0.0414020382591114,0.954666118588129,0.00393184315275981,0.0694512162533786,0.930261453315315,0.000287330431306487,0.0226981395041218,0.976332219626507,0.000969640869371029,0.106720149683687,0.893279850316313,0,0.773443750012303,0.179583429221296,0.0469728207664009,0.209891280271815,0.183909251191097,0.137560475907299,0.175516942877118,0.158612418971944,0.134509630780728
14260,26.3722947559517,0.0334428242853337,0.437111943098674,0.320794186385959,0.157683821558632,0.0509672246714008,0.857343726272868,0.137844035967479,0.00481223775965235,0.837730461667935,0.157593250716265,0.00467628761580017,0.312889209321181,0.68162979022441,0.00548100045440928,0.250661299067674,0.616105492768024,0.133233208164303,0.0310583963591684,0.965943694140619,0.00299790950021256,0.0641680305182649,0.935349595408544,0.000482374073191355,0.0291645156744434,0.969811399890874,0.00102408443468317,0.10678987728612,0.89302568424383,0.000184438470049812,0.831463336287052,0.120571416136379,0.0479652475765692,0.188775017666226,0.197104813043429,0.182900242109399,0.15267544446933,0.158131140645297,0.12041334206632
14454,26.3186844684625,0.0677811754395713,0.397106820376751,0.305542672614915,0.202879570850402,0.0266897607183609,0.850544495161361,0.148916741753229,0.000538763085409744,0.921111624784898,0.0662782744622567,0.0126101007528456,0.276028387885603,0.723700021004087,0.000271591110310601,0.281047799671732,0.638028070825062,0.0809241295032064,0.0301957297886855,0.966813061466074,0.00299120874524068,0.0735471372748689,0.922964829579593,0.00348803314553756,0.03771438143011,0.961239187440703,0.00104643112918722,0.119868442043508,0.873492619807639,0.00663893814885279,0.795265350489306,0.146017269196254,0.0587173803144396,0.240203081859221,0.155081002307098,0.169780995798747,0.166894537423477,0.128453969370766,0.13958641324069
15380,26.6013909042189,0.0617283020506509,0.380499406161281,0.372789623876777,0.121829035053491,0.0631536328577997,0.838619211553362,0.161380788446638,0,0.941473389052656,0.057169859454512,0.00135675149283222,0.374538414489217,0.621336919171006,0.00412466633977633,0.246634278356368,0.671009360310737,0.082356361332895,0.0529076384728741,0.942348003473696,0.0047443580534301,0.0801366485252735,0.919863351474727,0,0.033186024228203,0.965894499608398,0.000919476163398793,0.144314454398034,0.855685545601966,0,0.769420213183793,0.196996448688547,0.0335833381276594,0.196267405894984,0.169268935928282,0.130686155069349,0.177736581427687,0.171621012073713,0.154419909605985
15540,26.7881294027288,0.0165088594385911,0.470925352565759,0.288282776928405,0.180760777725529,0.0435222333417156,0.896883579175286,0.102669383385291,0.000447037439423271,0.946346704030668,0.0462686412753875,0.00738465469394465,0.28127309006742,0.715639597517417,0.00308731241516344,0.225752067653059,0.686273066074076,0.0879748662728648,0.0358350665325752,0.956528920637632,0.00763601282979314,0.0634608803243364,0.934490207744711,0.00204891193095265,0.0224763010366,0.976780746055397,0.000742952908003331,0.0899316615402661,0.909851789034402,0.000216549425331749,0.821094855759471,0.132378580509813,0.0465265637307158,0.224940920701682,0.172826863617056,0.150701956276395,0.16546696132939,0.157522462376163,0.128540835699313
15764,25.4176871473613,0.0302987650986992,0.540630665077685,0.266192248009305,0.138203534075209,0.0246747877391018,0.863452016040992,0.135301055315307,0.001246928643701,0.953562422427782,0.0415607394997834,0.00487683807243489,0.302941451708848,0.69072376565805,0.00633478263310157,0.27842553125379,0.630543120263549,0.091031348482661,0.0286384471341463,0.962360716675001,0.00900083619085237,0.0693933339248127,0.924969737338298,0.00563692873688966,0.0259638225813059,0.971851575472239,0.00218460194645516,0.122954446138811,0.873923858809589,0.00312169505159925,0.875767044462426,0.0892685018745806,0.0349644536629935,0.19963683955354,0.171081504091427,0.15211872518562,0.19648660694742,0.145022498554489,0.135653825667503
15804,28.2992738336915,0.0229699079168417,0.350252453318327,0.363905442351634,0.193372523160664,0.0694996732525328,0.775644794250993,0.220989127254919,0.00336607849408801,0.916983499066199,0.0814638868560595,0.00155261407774176,0.383993347650834,0.614223522692632,0.00178312965653449,0.317261440653429,0.610635098674024,0.0721034606725463,0.0426484188120135,0.949356417929001,0.00799516325898502,0.066889854429882,0.932399424678712,0.000710720891405539,0.036267810663309,0.961855049395461,0.00187713994123043,0.158904173469316,0.839445968059173,0.00164985847151014,0.79386663399674,0.160449737373446,0.045683628629814,0.203880479195328,0.146771171144818,0.166734825563354,0.182381366995634,0.157347451127115,0.142884705973751
16300,28.9195881038419,0.00924318132778909,0.317482670585028,0.331413138386789,0.271767571646978,0.0700934380534161,0.863860537608008,0.136139462391992,0,0.943302516837481,0.0532156151238223,0.00348186803869625,0.290622524505795,0.701844149780871,0.0075333257133344,0.297953236222662,0.607760657563376,0.0942861062139626,0.037040920465768,0.955861417583372,0.0070976619508604,0.0932922188863044,0.906707781113696,0,0.0224777417013999,0.976501674137871,0.00102058416072922,0.112275700319138,0.887724299680862,0,0.79880845510513,0.176345476379317,0.0248460685155527,0.215394459999589,0.143851649571464,0.166096469973512,0.181757762684536,0.143379818287912,0.149519839482988
16620,29.7246209158171,0.0122467357731346,0.286720966695111,0.411796408436864,0.208474469851447,0.0807614192434438,0.730636160937246,0.266776334520263,0.00258750454249127,0.925944701333419,0.0730624426744228,0.000992855992157784,0.473098507018558,0.526901492981442,0,0.375977839841927,0.556697913029339,0.067324247128734,0.0768429479502372,0.916655133296574,0.00650191875318931,0.0755967633495547,0.917169942147272,0.00723329450317305,0.0496785562129853,0.945403264611171,0.0049181791758435,0.214636075959712,0.784328762628337,0.0010351614119514,0.741283024211931,0.244059098591072,0.0146578771969969,0.172628897303408,0.145744780317483,0.147029678909768,0.176240719599813,0.212787003411585,0.145568920457943
16700,28.0385450123769,0.0122060277776351,0.367075402036054,0.306190482953586,0.260227331961304,0.0543007552714213,0.836862046989191,0.160057342962655,0.00308061004815407,0.853810427450639,0.144104228290901,0.00208534425846009,0.346586281698958,0.650395291121883,0.00301842717915916,0.283578066175845,0.623814457681164,0.0926074761429917,0.0391062343370592,0.952736103393927,0.00815766226901375,0.0746116707656195,0.921857464912631,0.00353086432174927,0.0248379591886184,0.972003977686938,0.00315806312444329,0.135568794771192,0.861710318079155,0.00272088714965317,0.785706424661659,0.182504636586791,0.0317889387515504,0.206764452194886,0.188749471060021,0.16566546268245,0.168628003155599,0.138515516229688,0.131677094677356
16740,28.1732376409953,0.0127886233718374,0.313458317487519,0.39871267276357,0.201522345586132,0.0735180407909417,0.819615765274012,0.17884889977292,0.0015353349530677,0.853086268466941,0.141222437594983,0.00569129393807545,0.345003700161513,0.653942215968098,0.00105408387038843,0.306541220178115,0.607823996378591,0.0856347834432945,0.031959439050169,0.960170504193928,0.00787005675590321,0.0736239307450867,0.922419617160733,0.00395645209418075,0.0411137288090793,0.958223955979813,0.000662315211107248,0.137024770278244,0.860893086779108,0.0020821429426486,0.8245018197231,0.140564555805767,0.0349336244711329,0.201788918615497,0.185532219498179,0.194395818141045,0.15417132271853,0.147559389107883,0.116552331918865
16980,27.0238473128208,0.0278753901682361,0.419966530903552,0.305846929383825,0.1983503642972,0.0479607852471881,0.825127424017929,0.173942348259281,0.000930227722790195,0.878202085357378,0.118807961146888,0.0029899534957341,0.328624699021312,0.670886021270041,0.000489279708647238,0.281442603898302,0.636739695929439,0.0818177001722597,0.0348888063533116,0.96222437872861,0.00288681491807824,0.0558062601452446,0.943107165507948,0.00108657434680707,0.0289766403512597,0.970223920288094,0.00079943936064631,0.124307425659068,0.874757842915456,0.000934731425475744,0.827288344280963,0.130188604174185,0.0425230515448525,0.205280990393203,0.188685175297653,0.160139624794468,0.180050503299045,0.147005610468792,0.118838095746839
17140,27.0817790446615,0.0319878834223286,0.391851556523501,0.341402977988155,0.193879759146272,0.0408778229197431,0.803443478510734,0.194923435363851,0.00163308612541449,0.915932700713624,0.0823434545466947,0.00172384473968162,0.353311274832577,0.645879413595751,0.000809311571672268,0.287742522644181,0.618789892303618,0.0934675850522008,0.0503975296598412,0.941500077090863,0.00810239324929558,0.0567586151224768,0.940938516436651,0.00230286844087184,0.0406538568781537,0.956561857706201,0.00278428541564557,0.115008750343168,0.884463595169031,0.000527654487800854,0.740357977920565,0.227360963641984,0.0322810584374517,0.193605790348283,0.174795679850796,0.158114680080166,0.181143861049177,0.161298825959095,0.131041162712483
17200,26.8897582094311,0.00708999320928133,0.42144874764963,0.368640402911113,0.16091649390801,0.0419043623219656,0.860370298670202,0.139142898142436,0.000486803187362269,0.933354905416104,0.0634797904984645,0.00316530408543114,0.302774282419581,0.696532412136614,0.000693305443804056,0.275820046895972,0.640793853062504,0.0833861000415246,0.0322288964902886,0.961539005925787,0.00623209758392402,0.0698752943340057,0.924750685009969,0.00537402065602543,0.0243339065123707,0.973625638163892,0.00204045532373697,0.0963664918259805,0.902778471546743,0.000855036627276868,0.808040212244882,0.150887330642753,0.0410724571123646,0.182171532109303,0.143816989434791,0.12547498327046,0.20332976444516,0.181987168743101,0.163219561997185
17460,29.5083572038376,0.0298801222340325,0.294021984886282,0.296086882544048,0.285282494140812,0.0947285161948255,0.81311435442465,0.183517674110988,0.00336797146436157,0.935757611198714,0.0615377705083301,0.00270461829295626,0.359365138752726,0.640168622878648,0.000466238368626179,0.28073823551645,0.63259883449129,0.0866629299922606,0.0416555804630871,0.952891002819256,0.00545341671765732,0.0719036285335363,0.92586313745501,0.00223323401145372,0.0196119083101054,0.976432683366816,0.00395540832307895,0.138748371748044,0.858569769150438,0.00268185910151757,0.749153847167635,0.209918971198389,0.040927181633976,0.19102389694123,0.158043649405035,0.140354162455228,0.182446914479886,0.171664025037981,0.156467351680639
17780,27.2229267814816,0.00117775402994006,0.423799079157159,0.293493881764751,0.238796638882834,0.0427326461653161,0.915918372753881,0.0829409224914581,0.00114070475466063,0.857847183977726,0.141808146689528,0.000344669332746454,0.263385019332068,0.726935606387685,0.00967937428024685,0.229802551538177,0.587254540546143,0.18294290791568,0.0163538356715829,0.977978661650629,0.00566750267778831,0.0773801548618256,0.922619845138174,0,0.0167149734639467,0.983193514013406,9.15125226469535e-05,0.0782443863823188,0.921755613617681,0,0.831326557537933,0.117876391429719,0.050797051032348,0.395557206380265,0.141394380227782,0.163556893222201,0.124933547717853,0.092884929590505,0.0816730428613942
17820,26.753577590505,0.0441340470655858,0.405929840494591,0.315628784769652,0.189269636824579,0.045037690845592,0.852642758589177,0.144946000219696,0.00241124119112607,0.905946994257028,0.0852264564297547,0.00882654931321735,0.276057039994047,0.721074412627486,0.00286854737846767,0.260825689216735,0.637303365054779,0.101870945728485,0.030867273827387,0.959158954884745,0.00997377128786798,0.0724197138909919,0.925041251800988,0.00253903430801993,0.0210760091302717,0.975248575695122,0.00367541517460658,0.0866149436077698,0.909174205300032,0.00421085109219774,0.771725450213997,0.147966456973895,0.0803080928121088,0.227158994212098,0.200600933762979,0.154121284111122,0.164258064534101,0.146678853826437,0.107181869553263
17900,29.5492640027064,0.0121660375483414,0.28718446184712,0.321234058845398,0.298905241136943,0.0805102006221969,0.821201455157,0.176382754201731,0.00241579064126838,0.871261036280405,0.122790542576309,0.00594842114328573,0.405286254586359,0.593391721768004,0.00132202364563702,0.293108189345983,0.632758893925451,0.0741329167285655,0.0378526311552703,0.952585260978004,0.00956210786672547,0.0667206024434194,0.9306092731841,0.00267012437248106,0.0235314428187651,0.970174378249203,0.00629417893203154,0.142976391191003,0.849940262845971,0.00708334596302607,0.804575928023963,0.163752116790671,0.0316719551853661,0.238380068379886,0.162061047524432,0.169489940634171,0.16666355162811,0.14412888088215,0.119276510951251
18140,28.073797084365,0.027217724708183,0.347843324866146,0.353556373794269,0.188353470065787,0.083029106565615,0.831797165272191,0.168202834727809,0,0.917738095475734,0.077759400164523,0.00450250435974277,0.347805194627811,0.64929320143803,0.00290160393415853,0.254600589513149,0.649550207730587,0.095849202756264,0.0309571680683277,0.962260772675721,0.00678205925595086,0.064364025941104,0.934980658608819,0.000655315450077696,0.0229018238903836,0.975347488790674,0.00175068731894252,0.117133499397177,0.880652548946504,0.00221395165631864,0.761872533380443,0.194165667737535,0.0439617988820224,0.206126518053074,0.199512644288288,0.169627628491279,0.171580811689843,0.135485262423555,0.117667135053961
18580,27.4248055886002,0.0710057896739627,0.303713525810992,0.286866564953131,0.315517752208103,0.0228963673538108,0.716567326471073,0.267017311825338,0.0164153617035895,0.767370754057877,0.218200024754583,0.0144292211875406,0.380679777345798,0.619247200800227,7.30218539746011e-05,0.388687159031503,0.486052820277041,0.125260020691456,0.040782094488618,0.951430225834392,0.00778767967698996,0.0627737373926715,0.937133173496696,9.30891106325353e-05,0.0251753278592941,0.97255933835274,0.0022653337879662,0.169558694157066,0.826703007988662,0.00373829785427177,0.783386084969073,0.153047858458043,0.0635660565728834,0.205936267829553,0.165454756886506,0.191081528358032,0.144203196163831,0.158445785180333,0.134878465581745
18880,25.7959085639939,0.0275346525066952,0.403795841460463,0.470462187378779,0.0583545770588267,0.0398527415952367,0.830359008051811,0.167120231544049,0.00252076040413954,0.831366731183644,0.167417076262618,0.00121619255373798,0.382464683630941,0.617535316369059,0,0.24048779957861,0.6969593985543,0.0625528018670903,0.0443130414712196,0.952073799214599,0.00361315931418191,0.0802089129682438,0.919283724760446,0.000507362271310027,0.0479788961745534,0.950010396915629,0.00201070690981801,0.181508667920454,0.818491332079546,0,0.717398400656431,0.207564707065575,0.075036892277994,0.175148529348211,0.200227457114452,0.136727733094457,0.186050536133638,0.149042921424914,0.152802822884328
19124,27.6639519677303,0.023027022908744,0.342898914717274,0.404134786837752,0.17999195051895,0.04994732501728,0.837928631592311,0.16137947587516,0.000691892532528887,0.828799831610093,0.168963976912075,0.00223619147783198,0.323775551621994,0.676221132258215,3.31611979191583e-06,0.269455909418762,0.632808131076962,0.0977359595042761,0.0178879781244832,0.980471719837111,0.00164030203840553,0.0389862654595463,0.960192456393885,0.00082127814656892,0.0337876383504431,0.959864641185333,0.00634772046422394,0.132055020418655,0.864355639378499,0.00358934020284518,0.833791657218789,0.125960932510415,0.0402474102707953,0.220014893020202,0.20496420948836,0.208555765013399,0.152408880041073,0.118205637666923,0.0958506147700428
19380,28.9258758220927,0,0.323628711344889,0.328741618974793,0.254728279507111,0.0929013901732071,0.800231582823545,0.198904288940936,0.000864128235519576,0.938557905108072,0.0614420948919283,0,0.320746701485874,0.672836610527816,0.00641668798631056,0.283778732792712,0.610973662190788,0.1052476050165,0.0511132825834416,0.940427308107973,0.00845940930858485,0.077495287259973,0.917308476432719,0.0051962363073081,0.030476531364852,0.963437288874889,0.00608617976025866,0.150509173423454,0.844294590269238,0.0051962363073081,0.788955413933888,0.194446708845177,0.0165978772209348,0.220958884019404,0.168801776739003,0.115442994287445,0.184893961127007,0.145325084591557,0.164577299235584
19660,26.8455296404484,0.071329467856253,0.276790074689721,0.37421064981404,0.235460125338215,0.0422096823017712,0.787100713473591,0.206704518772444,0.00619476775396592,0.831719152247696,0.167554638981502,0.000726208770801665,0.42822397483106,0.569759992789079,0.00201603237986094,0.378115068135662,0.555296643974987,0.0665882878893506,0.0517273620932752,0.930487931030398,0.017784706876327,0.113930813505361,0.883023230512909,0.00304595598173046,0.0478647865724069,0.942263878356783,0.00987133507081044,0.184722434576892,0.801911037012273,0.0133665284108353,0.77439079140082,0.183802495838917,0.0418067127602636,0.160694296961787,0.131990918212365,0.128830084360628,0.18127372580596,0.162386694834134,0.234824279825126
19740,26.3437744215993,0.0228505964205746,0.440412093944538,0.33424309567273,0.170266397111777,0.0322278168503809,0.863348200466851,0.134565047059465,0.00208675247368421,0.88296101506382,0.110171019393924,0.00686796554225558,0.264678399134042,0.730859011236613,0.00446258962934486,0.262395692556918,0.645252201151136,0.0923521062919458,0.0240395088230335,0.971731114014353,0.00422937716261397,0.0576707230312385,0.939693877188526,0.00263539978023592,0.0216335741548609,0.977443752752216,0.000922673092923327,0.108517817319451,0.89120565918954,0.000276523491009113,0.784898257105213,0.125264949427159,0.0898367934676281,0.204476503390815,0.196814357292449,0.177243228590313,0.168234849861168,0.14554887745075,0.107682183414506
19780,28.1029111230521,0.0284688023267175,0.34882672798378,0.350759927895075,0.20374861874875,0.0681959230456764,0.862802293131249,0.13719770686875,0,0.919993727568347,0.0771094436321387,0.0028968287995146,0.317557150358607,0.680700345702639,0.00174250393875361,0.278110674483027,0.627849009237811,0.094040316279162,0.0285166016080831,0.962696893522006,0.00878650486991122,0.0502802598057857,0.947586743277003,0.00213299691721168,0.0185023148656338,0.977392639727061,0.00410504540730514,0.0982034318333957,0.89916255916797,0.00263400899863445,0.82582130872645,0.139186961423589,0.0349917298499607,0.200935577013156,0.206583434008092,0.172776625273394,0.157059233168401,0.139887970624953,0.122757159912003
20260,26.9509486456421,0.0127343960687408,0.311215736833147,0.450752415836851,0.214034387542245,0.0112630637190163,0.863364599425507,0.133259545232165,0.0033758553423273,0.897570568401843,0.0953103574417776,0.0071190741563795,0.310992076764389,0.683366858350876,0.00564106488473539,0.253022080765996,0.633068065319563,0.113909853914441,0.0433673884413808,0.952355206522893,0.00427740503572592,0.079952361947837,0.914509909730004,0.00553772832215858,0.0379263492775163,0.957106052657944,0.0049675980645396,0.097275834953944,0.901766366862963,0.000957798183092501,0.744516514481522,0.204376302350001,0.0511071831684767,0.200860581289349,0.15528841357714,0.135827622191306,0.169013258358801,0.195379945218618,0.143630179364785
21340,27.7650454029859,0.0255044170815407,0.315406336147779,0.4461931596711,0.160202365569102,0.0526937215304788,0.740381226661038,0.25395654624109,0.00566222709787238,0.702364265192408,0.295168742162282,0.0024669926453101,0.287884434658387,0.711195498808755,0.00092006653285869,0.208318597540439,0.708107461600651,0.0835739408589108,0.0262247577268091,0.970645098926161,0.00313014334702987,0.0244660982016386,0.975533901798361,0,0.0183243560416365,0.980876341423356,0.000799302535007302,0.170226320692347,0.82695827151346,0.00281540779419216,0.837763239250308,0.101992058822716,0.0602447019269766,0.265096670878921,0.158701975001502,0.173708965313913,0.163223561894449,0.119128540259314,0.120140286651901
21780,28.5583491081654,0.0201077515867848,0.444047487343758,0.28301190810424,0.120263428252142,0.132569424713075,0.777902657273242,0.220224649568358,0.00187269315840028,0.909497581564446,0.082361898025757,0.00814052040979693,0.367561509253077,0.632092253074349,0.000346237672573562,0.312721810953903,0.61092113136671,0.0763570576793865,0.0382020738546831,0.954711769516271,0.00708615662904565,0.0697377214485686,0.925660226121817,0.00460205242961473,0.0295936240272595,0.969168326586727,0.00123804938601378,0.148637874951393,0.846760072618992,0.00460205242961473,0.742663263702134,0.221682768253571,0.0356539680442954,0.183477723064291,0.173386352815389,0.16492180480826,0.15016105577762,0.178998144156916,0.149054919377524
22020,27.4310363437916,0.00956781038328532,0.397402442371666,0.323235975135506,0.219857722824268,0.0499360492852745,0.859450954966877,0.138983405783461,0.00156563924966144,0.906565777144552,0.0817123384628767,0.011721884392571,0.279222768998684,0.719370482270966,0.00140674873035017,0.244622595548145,0.630328106571742,0.125049297880113,0.0316222384171869,0.966128457253599,0.00224930432921443,0.0570546059011565,0.942120397419456,0.000824996679387405,0.0238537070108911,0.97438851429049,0.00175777869861919,0.085986150843955,0.913916115076865,9.77340791796147e-05,0.808802566015827,0.161969983533545,0.0292274504506281,0.291337764521162,0.192388599956547,0.134975585031112,0.135972359214924,0.142241585879201,0.103084105397054
22220,27.3383334886124,0.00277310116606186,0.476603763025514,0.285476730459134,0.173307998883091,0.061838406466199,0.843954278007098,0.153826312068186,0.00221940992471582,0.899262185355691,0.100636244869354,0.000101569774955418,0.327076315779224,0.672521542974876,0.000402141245900209,0.233055021936089,0.616306892773978,0.150638085289933,0.0501388806448107,0.941736606460764,0.00812451289442524,0.0429238010646553,0.955503869315588,0.00157232961975722,0.019495003040398,0.980504996959602,0,0.0933768387102263,0.878032250915228,0.0285909103745458,0.785284874244015,0.161655525210055,0.0530596005459299,0.23752048801971,0.172099332466653,0.159850454440314,0.170008140238161,0.14452505097576,0.115996533859402
22500,29.3256714952152,0,0.390595084396337,0.208503887297074,0.333123431085807,0.0677775972207825,0.765928128375148,0.229749336035157,0.00432253558969413,0.840348228635269,0.154075440338259,0.00557633102647209,0.474412445127119,0.522315093687241,0.00327246118564029,0.387081169047144,0.528253180841296,0.0846656501115596,0.0700402997705348,0.923485174740738,0.00647452548872702,0.0748217911758816,0.925178208824118,0,0.0543430143568287,0.939088453745284,0.00656853189788731,0.200313302050316,0.799686697949684,0,0.75324006377542,0.203335571644244,0.0434243645803353,0.190488210582873,0.16014086058947,0.170152473523237,0.169501616154482,0.170125687418039,0.139591151731898
23060,27.5362678174909,0.0289687596498907,0.440270860681236,0.223724722917015,0.243152157103464,0.063883499648394,0.781961304936993,0.216877787416026,0.00116090764698139,0.882529142032673,0.113306984660009,0.004163873307318,0.366290398871853,0.632644670249446,0.00106493087870026,0.274758442000303,0.612988436996612,0.112253121003085,0.0574706465026963,0.938218233246435,0.00431112025086853,0.0644237899487786,0.931309583197772,0.00426662685344934,0.0224395703750687,0.977560429624931,0,0.127614191395484,0.870079671680793,0.00230613692372326,0.749483836025319,0.200508437358576,0.0500077266161042,0.196799709902242,0.177782547341512,0.172933861730694,0.161642374004369,0.160592918510855,0.130248588510328
23104,27.9860627090996,0.00879522651970943,0.372104326308978,0.347522992974595,0.213367672977807,0.0582097812189105,0.776646857677739,0.222854678362795,0.000498463959466212,0.798807703600801,0.193024268023041,0.0081680283761578,0.351268046215585,0.648068524570258,0.000663429214156614,0.29834640013326,0.631034489110408,0.0706191107563319,0.04258747699475,0.949406451545983,0.00800607145926664,0.0428719788584598,0.955682926196281,0.00144509494525887,0.0330040484148154,0.959330255988776,0.00766569559640891,0.128083347530381,0.871562923737687,0.000353728731931498,0.814123411159603,0.152819449993794,0.0330571388466029,0.223235461133671,0.183577248826408,0.167958523499878,0.176974324663644,0.138416811174333,0.109837630702066
23540,26.8571725675501,0.0690002193069218,0.379486303257579,0.405484868566393,0.0600827012336931,0.0859459076354126,0.88027078201583,0.118047908673063,0.00168130931110749,0.843714098138874,0.152102808666316,0.00418309319480963,0.321818674557924,0.67788715296802,0.00029417247405546,0.26838405952267,0.640544902263205,0.0910710382141246,0.0393447974521809,0.949413393250879,0.0112418092969402,0.0390217233571582,0.960978276642842,0,0.031214624819332,0.967799244276097,0.000986130904571115,0.130527236075442,0.869472763924558,0,0.818211576356567,0.122423438196555,0.0593649854468778,0.390577865157222,0.101941944636111,0.144264916910118,0.128414937572623,0.120073669604901,0.114726666119024
24220,26.4846297997455,0.0269473673798611,0.495379198312509,0.207752814556207,0.230311905741221,0.0396087140102019,0.835173094959504,0.164382753109993,0.00044415193050397,0.934233170929815,0.0588484324708546,0.00691839659933044,0.292795325425742,0.707204674574258,0,0.240234661655656,0.622004530393453,0.137760807950891,0.0581932654265955,0.936907996444826,0.00489873812857837,0.077128741970929,0.919623436086185,0.00324782194288557,0.038587894220305,0.961412105779695,0,0.0950540394043423,0.904945960595658,0,0.829068879372301,0.135436506625927,0.0354946140017719,0.322471725242124,0.149226970075498,0.117590462701766,0.152238068385531,0.138320550931798,0.120152222663283
24260,27.4687415354343,0,0.34799489664212,0.389450222292684,0.237044642655728,0.0255102384094682,0.797933579711852,0.202066420288148,0,0.839860952260731,0.157207283569812,0.00293176416945652,0.358481742148899,0.640760592682142,0.000757665168958696,0.254611043588175,0.650189068058044,0.0951998883537812,0.0496175826117167,0.94795665327824,0.0024257641100431,0.0764326018931507,0.923567398106849,0,0.0341561565944275,0.96004256763912,0.00580127576645251,0.13646292903826,0.86353707096174,0,0.807830410742437,0.1547712482953,0.0373983409622624,0.187961937724937,0.18827549510829,0.134889079150562,0.184601163161765,0.149880206854721,0.154392117999725
24340,27.9832555373976,0.0141377069715822,0.410168174804731,0.289399127168998,0.226047253212193,0.0602477378424956,0.857494062003554,0.140134346500582,0.00237159149586449,0.912089479377356,0.0801037954010995,0.00780672522154489,0.34075868886483,0.654626606060785,0.00461470507438508,0.272662859060965,0.596524022471791,0.130813118467244,0.0267605723165567,0.967679397836645,0.00556002984679827,0.0551420846559879,0.944070125895256,0.000787789448755938,0.0314481471394786,0.968381319747524,0.000170533112997896,0.129749443246683,0.870250556753317,0,0.823201719673124,0.139456472293771,0.0373418080331049,0.212012234328915,0.203614672432974,0.154372284017525,0.147950314599101,0.154029176494027,0.128021318127456
24860,28.1288345020974,0.037691543079759,0.342787589578755,0.297703956652602,0.25747595973516,0.0643409509537239,0.80161012911043,0.191254750350997,0.00713512053857363,0.846615962057706,0.148588734250826,0.00479530369146847,0.386685361809972,0.60838800286319,0.00492663532683779,0.305829237165799,0.615380943169897,0.0787898196643037,0.0517090181149016,0.939078036462287,0.00921294542281175,0.0685199602828863,0.929813920546187,0.00166611917092637,0.038895781952204,0.959458281112177,0.0016459369356191,0.143429071243746,0.855668441694435,0.000902487061818834,0.795650553219908,0.170171568612473,0.034177878167619,0.213478519889717,0.162956878488474,0.154499899226263,0.173952976509239,0.150786424636134,0.144325301250173
25180,27.3066726623998,0.0165166886070894,0.374402619935662,0.378237672777194,0.200086279559841,0.0307567391202132,0.801334076695754,0.195021188469937,0.00364473483430889,0.907546784106534,0.0882527129588271,0.00420050293463914,0.402710997256224,0.59614587363382,0.00114312910995613,0.342427224228543,0.562120737266096,0.0954520385053605,0.0467635528081547,0.949909040058509,0.00332740713333651,0.0837329342675064,0.915791320880918,0.000475744851575785,0.0206745948636305,0.976836601008205,0.00248880412816428,0.166600163096387,0.833399836903613,0,0.761799634232605,0.203220414427185,0.0349799513402108,0.175752440479455,0.183783071758156,0.160976948973229,0.190190288280874,0.154325240103803,0.134972010404483
25540,26.6264490934479,0.0321688344309843,0.390713447367042,0.394523341681408,0.143760695853896,0.0388336806666691,0.851217940672938,0.148495782971418,0.000286276355644597,0.922499828415646,0.0712749930931858,0.00622517849116822,0.325235997200132,0.668870608233365,0.00589339456650328,0.290804717881327,0.657472761321071,0.0517225207976014,0.0337805297789598,0.962857835386896,0.00336163483414434,0.0672481158336622,0.929822748622791,0.00292913554354694,0.023758648551917,0.973769229089064,0.00247212235901851,0.119042020401217,0.878983434407894,0.00197454519088931,0.842574355049626,0.104590600077105,0.0528350448732688,0.189990938775955,0.161696204463002,0.156670149101082,0.18980174657407,0.154209101570344,0.147631859515548
25940,26.872788965842,0,0.544451591722223,0.245787283111863,0.145740801633062,0.064020323532852,0.861989314938492,0.137707528890763,0.0003031561707458,0.850104643157458,0.136142930942641,0.0137524258999008,0.350938889031591,0.648176954419845,0.00088415654856419,0.314139860178264,0.598285214068384,0.0875749257533524,0.0406562216186151,0.957302758360858,0.00204102002052692,0.0919018333186947,0.902338691963115,0.00575947471818984,0.0336423944934893,0.966357605506511,0,0.127219948181176,0.872780051818824,0,0.841076385372727,0.128783628275887,0.0301399863513863,0.214317753006257,0.128520478696572,0.123144479177544,0.128943401320902,0.188215483190182,0.216858404608543
26420,28.8214883935962,0.0384707764496402,0.252257878320135,0.406522333291356,0.21148665426882,0.0912623576700488,0.782810465163002,0.208694053118401,0.0084954817185972,0.707045358252708,0.289270565535188,0.00368407621210351,0.331013813208978,0.665624210678057,0.00336197611296534,0.311985217413884,0.58509158905061,0.102923193535506,0.0345580555168752,0.951322780173692,0.0141191643094324,0.0485230220396067,0.949760608518978,0.00171636944141531,0.0245366891632172,0.972031157522396,0.00343215331438674,0.129054697239809,0.86355604031974,0.00738926244045059,0.78611275034656,0.13950876113706,0.0743784885163796,0.201594573704043,0.222241118864218,0.182494615596901,0.164396857344517,0.132407426328044,0.0968654081622782
26580,29.0852323276148,0.0224328658949766,0.32855972474098,0.315434021782764,0.199538673227613,0.134034714353667,0.703041567931066,0.294872830636708,0.00208560143222612,0.929449173237752,0.0668927603219305,0.00365806644031776,0.460777244545936,0.538859067576774,0.000363687877289745,0.326346806271691,0.58627697084048,0.0873762228878291,0.0766550807832381,0.908591723184171,0.0147531960325914,0.0894249456774601,0.908518676025838,0.0020563782967023,0.0426351907189022,0.952529653147053,0.0048351561340447,0.164916963438668,0.833282398124134,0.00180063843719782,0.738795428055852,0.236565521589535,0.0246390503546131,0.183462741318345,0.165702275190209,0.157805274246368,0.15914985422642,0.167195465345043,0.166684389673615
26900,27.489948750663,0.0378708506859282,0.39237940284106,0.298275283479713,0.19904525960264,0.0724292033906578,0.816520745217443,0.18051603661064,0.00296321817191687,0.900155424170044,0.0972443581056466,0.00260021772430893,0.367928402968407,0.630793009014358,0.00127858801723558,0.285427463722341,0.608537841782375,0.106034694495284,0.0415466859835048,0.954832739554321,0.00362057446217375,0.0683845251229024,0.929985090376952,0.00163038450014596,0.0343842921080456,0.963909974009375,0.00170573388257896,0.138552963078627,0.859736390917259,0.001710646004114,0.763531341560563,0.183463038657436,0.0530056197820012,0.208846574821104,0.18216191819921,0.16590862696735,0.172674859272729,0.151564142166152,0.118843878573454
27140,29.6263948802085,0.0471046372619914,0.314732402390168,0.275792467172966,0.271975899192474,0.0903945939824015,0.827525815414544,0.168536956671742,0.00393722791371473,0.82032673882838,0.176039090620485,0.00363417055113421,0.408324982177562,0.589941823811561,0.00173319401087714,0.328518977054367,0.568412973112934,0.103068049832699,0.0444631704107796,0.940915163631879,0.0146216659573417,0.0689497543696525,0.930543263191853,0.000506982438494121,0.0400201894076109,0.959979810592389,0,0.156412148252702,0.843587851747298,0,0.813160542775378,0.152622899038883,0.0342165581857394,0.198090895517297,0.204151859712149,0.155165272703748,0.168058212330028,0.14760838205479,0.126925377681989
27260,28.6674572591295,0.0554071945781799,0.352229733105598,0.280866828328087,0.210656395622088,0.100839848366047,0.775104157229394,0.219152318942578,0.0057435238280284,0.882977815570452,0.115470066491637,0.00155211793791151,0.366268447920863,0.628547530346404,0.00518402173273327,0.295116897107338,0.614798025552599,0.0900850773400628,0.0544554780680863,0.941608103568113,0.00393641836380045,0.0735836446762982,0.924082461189246,0.00233389413445582,0.0351006549050621,0.956880226819823,0.00801911827511471,0.156146567980872,0.843829813889961,2.36181291673252e-05,0.767437118763286,0.173185910614146,0.0593769706225677,0.196208731524375,0.197075001542411,0.122036422409563,0.189646264256588,0.166287132903151,0.128746447363912
27980,27.071374745762,0.03165636099624,0.409125219513389,0.314173418324316,0.199777873468262,0.0452671276977927,0.85301770888671,0.14698229111329,0,0.92093723815463,0.0779274802626725,0.00113528158269778,0.298241559696882,0.699540654028736,0.00221778627438223,0.261371565715701,0.603573596621723,0.135054837662576,0.034270811599663,0.962385065964087,0.00334412243625048,0.0728953077333866,0.927104692266613,0,0.0359055861596069,0.964094413840393,0,0.151185587271598,0.848814412728402,0,0.835108031028062,0.114346697000827,0.0505452719711116,0.169207811639559,0.171134456781287,0.164995673101049,0.179458287356225,0.174301211003477,0.140902560118403
28140,27.7804192999678,0.016760246292491,0.384139216793416,0.318883005009668,0.216772824316138,0.0634447075882868,0.856349472243123,0.141763367863608,0.00188715989326904,0.871671045980386,0.124398783564517,0.00393017045509756,0.315782065561973,0.679919388776847,0.00429854566117987,0.285442891353541,0.623819561347975,0.0907375472984845,0.0378604652084926,0.956999692800523,0.00513984199098414,0.0635859672614039,0.933393074476118,0.00302095826247826,0.0247419330265498,0.97344942011475,0.0018086468587005,0.119260859875311,0.879920204127357,0.000818935997332559,0.7894539955151,0.162212345420141,0.0483336590647592,0.193030971526107,0.196461807100136,0.149312314051035,0.186681198995226,0.148024234007286,0.12648947432021
28700,28.4830031271172,0.0109479587591569,0.354598137113214,0.318696911816707,0.232982117388794,0.0827748749221281,0.717376195485351,0.280589498652473,0.00203430586217655,0.827634274286655,0.162068974609335,0.0102967511040104,0.451713492743915,0.546275357539277,0.00201114971680776,0.317555289035873,0.592013680422109,0.0904310305420183,0.0700120253473798,0.922732832876078,0.00725514177654214,0.0940460351613645,0.900744884886103,0.00520907995253238,0.0467790521573632,0.950822007848223,0.00239893999441333,0.199924233982715,0.798710430255624,0.00136533576166014,0.652670362851838,0.302426426992991,0.0449032101551709,0.146664507635717,0.165964576545674,0.137138225824607,0.163967517504677,0.221313922367341,0.164951250121984
28940,29.4880022633599,0.0267123838249769,0.327556098643943,0.318193432462524,0.212036820501317,0.115501264567239,0.798090491786429,0.201909508213571,0,0.875267254573916,0.12242572035762,0.00230702506846444,0.3586924679984,0.635658384385947,0.00564914761565281,0.33407465084045,0.60554087569352,0.0603844734660306,0.0501828114883019,0.944448470576687,0.00536871793501161,0.080035605495312,0.919315049518762,0.000649344985926522,0.0319741593601766,0.965027419849394,0.00299842079042918,0.140695384966863,0.855149673172515,0.00415494186062261,0.689700751512589,0.258507708604457,0.0517915398829538,0.208271601584736,0.162051204074749,0.132806107049277,0.161962509283095,0.17541156683765,0.159497011170492
29620,26.7903514879779,0.0181948815556846,0.410778637332935,0.311789212284521,0.23704479860779,0.0221924702190683,0.839947391264734,0.156058425855808,0.00399418287945748,0.900931487322472,0.0753247634797054,0.0237437491978223,0.348868796498373,0.650237423878662,0.000893779622964901,0.252710049358048,0.572916195375919,0.174373755266033,0.0561134205461001,0.939764217786026,0.00412236166787355,0.0764061362847906,0.923593863715209,0,0.0266446532770608,0.969197680023007,0.00415766669993264,0.113130281196221,0.883705994003414,0.00316372480036498,0.771670773993485,0.19551092199904,0.032818304007475,0.26105051481575,0.166136951275935,0.152846497524613,0.160303089115764,0.134354188073924,0.125308759194015
30460,26.6144743504089,0.0111324857875004,0.462556242254795,0.309971801099803,0.180414874463968,0.0359245963939329,0.844790828164444,0.155209171835556,0,0.92922325580776,0.0601840388300669,0.0105927053621734,0.37249312836428,0.623962603545122,0.00354426809059756,0.261470756806643,0.638056482176234,0.100472761017123,0.0437684724273971,0.947863960046881,0.00836756752572158,0.0822826550996511,0.915638616617844,0.0020787282825053,0.0324314879153831,0.967568512084617,0,0.142516779796632,0.853938952112771,0.00354426809059756,0.787453485874362,0.180230227516778,0.0323162866088603,0.238737386928252,0.166298804162989,0.153091861012563,0.194860359178222,0.115883944198689,0.131127644519286
30700,27.5054358967154,0.0400517816485929,0.375307126926841,0.317892368986794,0.203439226368272,0.0633094960695004,0.869105790775128,0.130894209224872,0,0.891218673519073,0.101630945413419,0.00715038106750861,0.27905854245028,0.719371134568831,0.00157032298088881,0.245482681256141,0.661842860429804,0.0926744583140552,0.0348658827396266,0.960710579972298,0.00442353728807527,0.0642894321431246,0.935710567856875,0,0.0287863100077787,0.968575635528173,0.00263805446404801,0.0984424320763191,0.90064065932438,0.000916908599300512,0.849156549174383,0.11807513081446,0.0327683200111568,0.274964864202441,0.181686575536428,0.143092976389344,0.150698877733526,0.136271999207892,0.113284706930368
30780,30.2931168867485,0,0.282860660511045,0.321892840804825,0.259190099481761,0.136056399202369,0.767223805180439,0.232507114137429,0.000269080682131489,0.873258887889657,0.116555672285167,0.0101854398251764,0.423330172375388,0.572691689120312,0.00397813850429992,0.308855881078877,0.577832318954337,0.113311799966786,0.0522006442039138,0.943015344372644,0.00478401142344226,0.0822750280932379,0.91472642137538,0.00299855053138197,0.0401668307852363,0.956294867248681,0.0035383019660823,0.125553420503725,0.874068630475465,0.000377949020809956,0.723614801468322,0.238877363465293,0.037507835066385,0.214570433264272,0.198273909927265,0.150812161735604,0.15047211558483,0.157268918571585,0.128602460916444
31080,26.7011846390824,0.0464878749905763,0.386596348995105,0.340509878866325,0.20123830517366,0.0251675919743331,0.821919345056934,0.177780828283262,0.000299826659803889,0.884408223100956,0.112291829033791,0.0032999478652529,0.276140578176038,0.723163369841875,0.000696051982087029,0.275754480848505,0.653605554694798,0.0706399644566977,0.0263929289139807,0.971384404245011,0.0022226668410085,0.0499295310647306,0.946360424812126,0.00371004412314329,0.0317180571896234,0.96743104329466,0.000850899515716747,0.15483437598195,0.843141476331697,0.00202414768635298,0.813377571291833,0.108156646956865,0.0784657817513018,0.223946981636383,0.177387193468608,0.183945139728792,0.170213021792643,0.128364861435589,0.116142801937986
31140,27.5422599221335,0.0099419288525505,0.325893099719709,0.444919472858757,0.165233699926688,0.0540117986422954,0.77585272131474,0.223830306027099,0.000316972658160831,0.904408355250903,0.0856905075083176,0.00990113724077952,0.367492077094078,0.629521660367717,0.00298626253820495,0.315421694051841,0.575437786947954,0.109140519000204,0.0536929035522978,0.940332745268451,0.00597435117925158,0.0790798423878768,0.918817131813297,0.00210302579882619,0.0408406878851387,0.958139044625877,0.00102026748898429,0.156222112648274,0.840636766561711,0.00314112079001428,0.743167220134099,0.217758373870976,0.0390744059949253,0.18614371730433,0.169906338451604,0.181840167816474,0.180058196214276,0.148217791321576,0.13383378889174
31740,26.7293570239845,0.0414568483567403,0.416231430560405,0.291802333102987,0.227800727000335,0.0227086609795324,0.882780915048416,0.115421719945109,0.0017973650064745,0.90280858399048,0.0816227508905018,0.0155686651190177,0.257566318163846,0.736137489764666,0.00629619207148782,0.156009873749842,0.64741811029123,0.196572015958928,0.0272533585720158,0.964809728185097,0.0079369132428873,0.0485125972090917,0.9477308781575,0.00375652463340823,0.0173262760582135,0.978305969539953,0.00436775440183309,0.0774058574990609,0.919228669084646,0.00336547341629328,0.836405129961112,0.1148390404253,0.048755829613588,0.438796322968516,0.169977449378486,0.0983885765737536,0.105475659597379,0.10333334604701,0.0840286454348567
32820,29.4785605056589,0.0187800532000196,0.23985397392022,0.380158969461657,0.273948595016973,0.0872584084011303,0.808380477408459,0.191581353511289,3.81690802516527e-05,0.820484934066866,0.168732734865438,0.0107823310676961,0.396794347103092,0.595881199595921,0.00732445330098682,0.276016505974411,0.620684727062773,0.103298766962816,0.0284469548670919,0.965178377536798,0.00637466759610962,0.0583023883106577,0.940844741341806,0.000852870347536329,0.0266363441442055,0.971875466101803,0.00148818975399128,0.137431060722514,0.861912770492304,0.000656168785182184,0.74856887735252,0.187921931110558,0.0635091915369214,0.220322046225482,0.177482463696659,0.156389645612428,0.163530649835888,0.169719665573002,0.112555529056541
33100,26.992118332317,0.0219544437908193,0.401694484931529,0.381081809476039,0.162076190520757,0.0331930712808561,0.831288956261548,0.16564402445082,0.00306701928763205,0.846500710311509,0.146299726775191,0.00719956291329943,0.30898993513835,0.685220967260377,0.00578909760127265,0.315909877985019,0.612383860802838,0.0717062612121438,0.0366247641253854,0.954173434938018,0.00920180093659636,0.0588539589315066,0.936322544124927,0.00482349694356645,0.0213123537717994,0.973720453640289,0.0049671925879116,0.120435198735915,0.870675504933603,0.00888929633048259,0.820502221189411,0.129064777301797,0.0504330015087919,0.180781735785422,0.167548546817798,0.15219773111359,0.196135408738337,0.134190636647711,0.169145940897143
33340,27.9040198725163,0.00389077823013134,0.38890253522126,0.347621108335047,0.183266936810829,0.0763186414027319,0.809578089816518,0.189828014641572,0.000593895541909828,0.922813477926254,0.0720318383287559,0.00515468374499034,0.325132506021861,0.673662106744718,0.00120538723342098,0.305173891868007,0.613411446296436,0.0814146618355567,0.0362471762944937,0.957821227300826,0.00593159640468041,0.0698635226427432,0.928884463457302,0.0012520138999542,0.0346121219389556,0.963316206105571,0.0020716719554735,0.122669948516676,0.875540155092157,0.00178989639116624,0.807808744620246,0.136915102124885,0.055276153254869,0.20038138733368,0.189262265002994,0.157696912129438,0.179713799989283,0.138359295889131,0.134586339655473
33460,26.5493926151631,0.0275055736697349,0.414619659314441,0.352606241454011,0.171422118906153,0.03384640665566,0.884226141912321,0.114798184469401,0.000975673618278765,0.915126418734727,0.0781568503690018,0.0067167308962716,0.260115964954182,0.736314454185995,0.00356958085982255,0.239400998266845,0.678741652359308,0.0818573493738474,0.0301912041227113,0.963722455978466,0.0060863398988233,0.0633411820499072,0.93508867276609,0.00157014518400304,0.0249824874693958,0.972080088384114,0.00293742414649071,0.0906929583444028,0.907848833482937,0.00145820817266055,0.829232394818123,0.126162541174956,0.0446050640069214,0.197975675142934,0.194488344108316,0.160796417366845,0.180032355916852,0.149250307173684,0.117456900291369
33500,27.4849930767399,0.045674448643794,0.33331878253302,0.348891881607262,0.241681849340009,0.0304330378759142,0.843018282897264,0.145489225227531,0.0114924918752044,0.872756654253976,0.121658016039082,0.00558532970694165,0.3156925382721,0.6843074617279,0,0.248380325086688,0.578054390176655,0.173565284736657,0.0334650915867993,0.963754885804135,0.00278002260906601,0.0604409111784206,0.938966559260169,0.00059252956141005,0.0280204352648478,0.970361273701587,0.00161829103356522,0.107891603516856,0.892108396483144,0,0.78516820804152,0.185094441820534,0.0297373501379452,0.256549560985324,0.226595848447126,0.126544652497732,0.138927147344246,0.140105736393644,0.111277054331928
33874,26.2692876742187,0.0143256638813191,0.470674010938799,0.3492045668679,0.119101066557235,0.0466946917547467,0.881326426370406,0.118673573629594,0,0.941748219145022,0.0538762961028992,0.00437548475207853,0.324274834804296,0.667678768651321,0.00804639654438228,0.325459749730567,0.619253433444586,0.0552868168248468,0.0598347856083543,0.940165214391646,0,0.0884835765494948,0.911516423450505,0,0.0193938302862643,0.979866186257419,0.000739983456317301,0.100563378140294,0.8973657498341,0.00207087202560664,0.873129219233831,0.0967680466320837,0.0301027341340849,0.170629456651682,0.150759427735494,0.159129182189771,0.197051368687057,0.165162183765163,0.157268380970833
34820,28.2650753949929,0.0360756508970795,0.296180384951444,0.357175568467183,0.254400707521195,0.056167688163098,0.775775051305717,0.220017690176038,0.00420725851824493,0.842558287210086,0.157327011574504,0.000114701215410324,0.430727929489871,0.568966372512093,0.000305697998036417,0.349029326865108,0.556496263802623,0.0944744093322692,0.0634928131703402,0.92802040789728,0.00848677893237981,0.0972021137643898,0.899578013283162,0.0032198729524486,0.0471547852310989,0.949155261402691,0.00368995336620968,0.154381460160448,0.842544789681163,0.00307375015838949,0.769164483802847,0.198683492790393,0.0321520234067596,0.167738292192321,0.113160628101695,0.147945250435444,0.163681923854844,0.200861318598693,0.206612586817002
34980,27.1040827890427,0.0198201730863154,0.403791061279819,0.355492878818608,0.166881946884122,0.0540139399311361,0.855694849602731,0.143806030533737,0.00049911986353224,0.878698721538823,0.117229294436526,0.0040719840246513,0.369310235057893,0.628888405334126,0.0018013596079817,0.301984685841169,0.631902510064016,0.066112804094815,0.0372211532600953,0.960151566802232,0.00262727993767266,0.0743815419085506,0.924860004797979,0.000758453293470534,0.04017749775939,0.958907673264476,0.00091482897613384,0.137720228978328,0.861645980539645,0.000633790482027841,0.790188316895305,0.14940585767433,0.060405825430365,0.211760285948584,0.195584577192929,0.172288952250225,0.15951438966966,0.150815650456822,0.11003614448178
35004,27.1691795661983,0.0214992828794614,0.440319297174412,0.32505812605256,0.184822653086719,0.0283006408068473,0.874300156972169,0.118676583588669,0.00702325943916187,0.92642002983578,0.0703717838344834,0.00320818632973616,0.276965808255447,0.71807215209799,0.00496203964656258,0.334918084947649,0.610517089460301,0.0545648255920501,0.0430656538108423,0.953048122327733,0.00388622386142482,0.0589626887737918,0.939759207023313,0.00127810420289513,0.0150231420299967,0.984413102520555,0.000563755449447771,0.117253175236229,0.879944302305584,0.00280252245818749,0.831178255722936,0.0977032671436272,0.0711184771334367,0.190178832580344,0.146645538392241,0.158950222875136,0.203070860691991,0.156145067824154,0.145009477636133
35084,26.1838410201,0.0154865665436986,0.427911753024497,0.394512584967548,0.141258274739602,0.0208308207246548,0.834086018607386,0.165216234590065,0.000697746802548398,0.88342344650003,0.11560290181233,0.00097365168764039,0.32895064741338,0.667277929347799,0.00377142323882089,0.300710135684851,0.638765610630761,0.0605242536843886,0.0318966112199534,0.958719961558831,0.00938342722121592,0.0725472304140534,0.924761823236253,0.00269094634969323,0.0294637862065713,0.968354220067158,0.00218199372627039,0.118338091571643,0.877734500635669,0.00392740779268812,0.830238740468749,0.115123381068686,0.0546378784625646,0.190651027772413,0.158906941489205,0.164748357624079,0.206126948205885,0.142273005211628,0.13729371969679
35380,28.0058118465338,0.0360897588386914,0.315248539781235,0.363257814315557,0.220819726793598,0.0645841602709189,0.78520071878011,0.210163949496409,0.00463533172348161,0.888928921532852,0.10110341350785,0.00996766495929835,0.405227700096231,0.594340685889913,0.000431614013855467,0.343492967267728,0.587904868592927,0.0686021641393446,0.043298615954983,0.942576297757371,0.0141250862876457,0.0642022068797306,0.934076030159548,0.00172176296072161,0.0383380358962205,0.960301475686876,0.00136048841690336,0.170417939532808,0.828650557474654,0.000931502992537381,0.720245985372638,0.199873503467368,0.0798805111599938,0.200133105350412,0.187111885954257,0.136510729764851,0.182365999522673,0.168735100813548,0.12514317859426
35614,26.3022675485601,0.0359487412688924,0.439600309139225,0.336590267658938,0.151253644957613,0.0366070369753313,0.811919608315775,0.182887734114591,0.00519265756963347,0.87779564706503,0.118107779623904,0.00409657331106587,0.302005120622501,0.69430250625235,0.0036923731251496,0.292593854926367,0.637011815184085,0.0703943298895477,0.0335983106771215,0.958574013092204,0.00782767623067406,0.0539541127924191,0.943291103426557,0.0027547837810241,0.0252601225238296,0.970272745878829,0.00446713159734098,0.133623307879745,0.863315144509093,0.0030615476111619,0.82081308187957,0.114827886988056,0.0643590311323734,0.210139283608848,0.186550543170439,0.166413002914722,0.167308028055175,0.138801071860879,0.130788070389937
35820,28.0815542775225,0,0.366216951446752,0.374499640827863,0.185149045996453,0.0741343617289312,0.823182652747625,0.174958197471945,0.00185914978043017,0.884792579164215,0.109173522576206,0.00603389825957981,0.334799349276567,0.662207952032849,0.00299269869058377,0.308292360355097,0.55736828562688,0.134339354018022,0.0433485982156843,0.942616865161822,0.0140345366224933,0.0851944427537042,0.912363046018682,0.00244251122761415,0.0218210609997674,0.971354717187598,0.0068242218126345,0.130794503314025,0.869205496685975,0,0.776195733785832,0.185204473499928,0.0385997927142402,0.144463724789331,0.176370190305853,0.160353528827243,0.164564183477853,0.183705889609064,0.170542482990654
35840,26.9098960870163,0.016109956820042,0.388018254613028,0.3870429294744,0.180512838227634,0.0283160208648958,0.855994102256937,0.14074434154581,0.00326155619725305,0.840952984703246,0.153013706125926,0.00603330917082783,0.37696128386733,0.61524848951338,0.00779022661929075,0.327415617482856,0.591407011669068,0.0811773708480758,0.0521977897621066,0.926963780765018,0.0208384294728751,0.0814393036413018,0.918012666219336,0.000548030139361875,0.0297862051300886,0.968937685889629,0.0012761089802826,0.117909491633614,0.881419992884577,0.000670515481808684,0.806138355874347,0.153857435375761,0.0400042087498912,0.141110603014065,0.0902508333543459,0.13792110837534,0.158860611777654,0.191701753767109,0.280155089711485
36084,25.0260310002076,0.030631048816811,0.521810097436499,0.342800342466909,0.0950088011092368,0.00974971017054354,0.877910598505872,0.121198433642686,0.000890967851441739,0.906345263809059,0.0902215500002859,0.00343318619065504,0.272573276190739,0.722323897199212,0.00510282661004877,0.204680873381996,0.704639426077847,0.090679700540157,0.0227214569263356,0.972175716463616,0.00510282661004877,0.0640267594347037,0.932734334844648,0.00323890572064861,0.022450481606266,0.977549518393734,0,0.126531756563076,0.871848674084866,0.00161956935205789,0.839899320315491,0.0813255100968754,0.0787751695876338,0.206290347135365,0.21157463395785,0.137029580036507,0.168336917911749,0.158521972202496,0.118246548756033
36260,26.7689447662552,0.0309990820975404,0.406645336055914,0.326106555592597,0.208213595423271,0.0280354308306785,0.857656698389121,0.139988952451398,0.0023543491594808,0.88592192233848,0.107980006814263,0.0060980708472571,0.288516927437655,0.709630759785537,0.00185231277680763,0.235007124858455,0.650412436968666,0.114580438172879,0.0318342261895434,0.962226220839681,0.00593955297077547,0.0512834684177047,0.94565155622147,0.0030649753608257,0.029034862182467,0.970380041963772,0.000585095853761237,0.107893563488163,0.890774393809443,0.00133204270239414,0.864815185751771,0.0909081716593361,0.0442766425888929,0.233398160844455,0.215118742677077,0.173534766187421,0.143973189644618,0.123217693955184,0.110757446691245
36420,28.5179192933295,0.0285905020034108,0.328760731922595,0.328692432173028,0.233417627322933,0.0805387065780333,0.803895336038487,0.191612015881908,0.00449264807960525,0.836859738745187,0.156950105357519,0.00619015589729392,0.359173086560444,0.634631490732912,0.00619542270664384,0.295690430679145,0.575321004739655,0.1289885645812,0.0506722230250359,0.938613150349579,0.0107146266253852,0.0700618411268103,0.925726752117745,0.00421140675544468,0.041219457383299,0.955648710944082,0.00313183167261927,0.141494910363348,0.854751643616489,0.0037534460201631,0.793868239922818,0.16408035982688,0.0420514002503024,0.211085665074113,0.201687518922103,0.166851085515125,0.144296098665201,0.149497918976424,0.126581712847034
36540,28.3021628882688,0.0318637880643156,0.327363104992435,0.347958718241097,0.232451516075855,0.0603628726262978,0.854717291022974,0.142947433689296,0.00233527528772976,0.88347610345629,0.112771718556059,0.0037521779876509,0.332312758000635,0.665146767219326,0.00254047478003922,0.289070562929306,0.618435374716986,0.0924940623537072,0.0351450797069693,0.960024592851879,0.00483032744115174,0.0569143090214327,0.941338053328118,0.00174763765044941,0.024949439755674,0.973254278329598,0.00179628191472814,0.129113871994667,0.869613440884176,0.00127268712115677,0.800012917414033,0.159191620558241,0.0407954620277258,0.207722793847219,0.207069202367636,0.147250624166799,0.168625838295231,0.147892510881999,0.121439030441116
36740,26.9236689880194,0.0423816019696866,0.348770328616535,0.405514911430082,0.156850772167619,0.0464823858160765,0.803288515042481,0.19331751743755,0.00339396751996958,0.819565679730026,0.174266586795299,0.00616773347467573,0.337210157269261,0.660943743902463,0.00184609882827648,0.306601305781849,0.624441001798649,0.0689576924195018,0.0398609180440639,0.953227257007522,0.00691182494841373,0.0678490124410263,0.931643330856527,0.00050765670244724,0.0224739890895173,0.974331329038928,0.003194681871555,0.135080815002088,0.863651314604525,0.00126787039338712,0.823693450247704,0.121663513644284,0.054643036108012,0.208070156726631,0.197800293597842,0.161895791652997,0.162948589484556,0.145167703380764,0.124117465157209
37460,26.7762413656378,0.0668219084036129,0.286495091423148,0.451750708712542,0.151838401249496,0.0430938902112006,0.782610156630788,0.216656029942638,0.000733813426574691,0.780071163737919,0.211830815008767,0.00809802125331437,0.380884153163825,0.613381783355387,0.0057340634807881,0.267913739332991,0.629104813209193,0.102981447457816,0.0456646189001506,0.942793151755033,0.0115422293448159,0.0843534503201536,0.915646549679846,0,0.0541542426216644,0.945456144026021,0.000389613352314432,0.155761780799438,0.84112627314312,0.00311194605744222,0.744055493165584,0.219336235803025,0.0366082710313904,0.194684760896864,0.177003310533296,0.134254963646736,0.173180715275728,0.176608856222973,0.144267393424403
37860,28.0631784874358,0.00957892082211396,0.37767895397845,0.314052455526857,0.216869994256421,0.0818196754161574,0.792322912990991,0.207307065272731,0.000370021736277648,0.805224446268044,0.189323348636347,0.00545220509560946,0.360338121718937,0.63436637872311,0.00529549955795351,0.273500409895076,0.616774542272263,0.10972504783266,0.0149848596622588,0.974084408221259,0.010930732116482,0.072347990740462,0.92618687558734,0.00146513367219839,0.0233567342199472,0.972190609465151,0.0044526563149017,0.131190725127552,0.868350195897092,0.000459078975355768,0.755401165082027,0.188301526702298,0.0562973082156753,0.221750380699243,0.153596791256977,0.16075528655551,0.166373628842917,0.153628414396187,0.143895498249166
37964,27.3413646732771,0.0314258275307182,0.390379234599765,0.312041303062555,0.183587117765762,0.0825665170411998,0.788853886552259,0.207387108680633,0.00375900476710812,0.903261877401924,0.0870420551108659,0.00969606748721025,0.332787735831089,0.665932432656562,0.00127983151234867,0.246201370256791,0.676295544322058,0.0775030854211506,0.0457152281199186,0.951244110839843,0.00304066104023829,0.072762501387814,0.924835413381406,0.00240208523078037,0.0223717050484022,0.972356085190448,0.00527220976114981,0.137593338136774,0.862406661863226,0,0.768222694793596,0.189301359075088,0.0424759461313159,0.242927811696311,0.174968294004836,0.167054289822286,0.150597146647655,0.149373561422603,0.11507889640631
38060,27.4145798651753,0.0216417450982577,0.393153711207426,0.333959253574528,0.196697709075733,0.0545475810440553,0.813983592638952,0.184722634003869,0.0012937733571785,0.862728182739873,0.131540808483379,0.00573100877674836,0.303548016385713,0.692528171893123,0.00392381172116379,0.279066057144008,0.618690135679877,0.102243807176115,0.033737943902564,0.959413369012354,0.00684868708508254,0.0683002945398984,0.928249723819271,0.00344998164083037,0.0396218965907309,0.956735917636024,0.00364218577324485,0.123215552901773,0.874163787808703,0.0026206592895239,0.802404324354934,0.139840370027621,0.0577553056174447,0.204910309715395,0.187595368258585,0.157467599369396,0.174601023542355,0.136814130052475,0.138611569061794
38300,27.4572674360517,0.0304319612592285,0.423453918760051,0.278059237325383,0.199909754752256,0.0681451279030815,0.835092889053868,0.163756046272052,0.00115106467407957,0.938952670868339,0.0548717983611586,0.006175530770502,0.365247954391162,0.632156465913133,0.00259557969570484,0.305578520073493,0.619443782730908,0.0749776971955987,0.0522750337149176,0.942986723452632,0.00473824283245011,0.0770422843943661,0.921406831019877,0.00155088458575682,0.0192105206213692,0.977955547260892,0.00283393211773877,0.125876243495143,0.872909679088412,0.00121407741644425,0.770125715017225,0.207972769740006,0.0219015152427692,0.172721035106378,0.153465295298755,0.150620264391473,0.179324900732636,0.172467506304493,0.171400998166265
38860,26.0456608039587,0.0135181284274981,0.449829425488753,0.409446983759269,0.0962709620451061,0.0309345002793734,0.87811469475236,0.121276083530516,0.00060922171712386,0.917391849347142,0.0813740657897205,0.00123408486313723,0.328418728332561,0.670907150795538,0.000674120871900827,0.310254970944642,0.609003813319648,0.0807412157357098,0.0417796082784913,0.956468273200313,0.00175211852119614,0.0934180925233939,0.90604884945211,0.00053305802449567,0.0272381970210761,0.971619950384888,0.001141852594036,0.114758371999402,0.88455069471482,0.000690933285778299,0.828750922425162,0.131532261097568,0.0397168164772698,0.164459864252572,0.159041244950032,0.153865887966418,0.18110089476967,0.183810561190088,0.15772154687122
38900,26.6809753647189,0.0308600489588736,0.421942068151111,0.330743011081983,0.167950321448114,0.0485045503599181,0.840272640274897,0.157608812972061,0.00211854675304204,0.906600259622715,0.0844885284627826,0.00891121191450238,0.291478957402601,0.705042839645956,0.00347820295144346,0.253905961511079,0.644379082188271,0.10171495630065,0.0308173293968036,0.963165499225047,0.0060171713781499,0.0701999568299163,0.925468588099332,0.0043314550707513,0.0265636942721214,0.969970741516923,0.00346556421095599,0.108768393021908,0.88858927656894,0.00264233040915155,0.81453188249768,0.139344371123301,0.0461237463790188,0.181024766664056,0.213652287159955,0.166519541074933,0.164420252424493,0.153607292159538,0.120775860517025
38940,25.2188294423781,0.00855026581462765,0.491176708058811,0.370400169347255,0.120240940054454,0.00963191672485301,0.818666355179279,0.180140827088284,0.00119281773243718,0.806676379449908,0.188128798721047,0.00519482182904437,0.35165552469356,0.648021921431619,0.000322553874821508,0.351931627660918,0.559559393791553,0.0885089785475289,0.0575307705334471,0.934178321321748,0.00829090814480524,0.0700244044399008,0.929975595560099,0,0.0327583805329362,0.96187187091276,0.00536974855430418,0.140995413481667,0.858542136675099,0.000462449843234051,0.796681376537521,0.156468012188403,0.0468506112740759,0.151297243228891,0.13629699478487,0.130442533983891,0.170986110938249,0.162031642566686,0.248945474497412
39300,27.5744958610255,0.0214528180292505,0.405851795540054,0.301075186243892,0.215287289870501,0.0563329103163015,0.823194839770046,0.175029195924767,0.00177596430518771,0.933818188783871,0.0599685111191364,0.00621330009699271,0.32986977582072,0.666925629244845,0.00320459493443529,0.292175039168768,0.62199275329842,0.0858322075328114,0.0454527683750768,0.950216977205313,0.00433025441961039,0.0790413475897362,0.919633026327711,0.00132562608255256,0.0261459071852872,0.97099680392634,0.00285728888837262,0.115586222718095,0.881466380739428,0.00294739654247651,0.811478365035875,0.146847413636296,0.0416742213278285,0.208883935172852,0.143605678974682,0.148827781137952,0.200281106029184,0.148370079389159,0.15003141929617
39340,26.0017877208896,0.0439805252795943,0.452763521951373,0.319424862940018,0.159110567352899,0.0247205224761158,0.880554010086088,0.118905248122349,0.000540741791563159,0.878067671050987,0.108793553744545,0.0131387752044674,0.216055423666722,0.780715366209386,0.00322921012389134,0.182886394852595,0.665862829171035,0.15125077597637,0.0198936169001007,0.977101434243692,0.00300494885620679,0.051878874209648,0.948022103582051,9.90222083009946e-05,0.0314469122494887,0.967766762303133,0.00078632544737817,0.079794929018258,0.917468558151346,0.00273651283039621,0.93139000571112,0.040785731495851,0.0278242627930287,0.34692037734621,0.203717280970789,0.169958923190508,0.116048521358043,0.0816182747468561,0.0817366223875941
39660,28.7850252130147,0.0264097316257695,0.285514533612079,0.40879893796852,0.213721699928722,0.0655550968649092,0.839736197441874,0.153565941856579,0.00669786070154656,0.917374695121131,0.0806495532583004,0.00197575162056892,0.373073338744902,0.620149105351067,0.00677755590403082,0.261519594031291,0.61309383074281,0.125386575225899,0.0397537350964226,0.957798948547783,0.00244731635579417,0.069432607211564,0.93023934457646,0.00032804821197549,0.0304284296123407,0.968019859757537,0.0015517106301223,0.13059906285813,0.868878233853937,0.00052270328793286,0.771317724759244,0.189908174670599,0.0387741005701571,0.160612837282365,0.214557378248534,0.134333801290612,0.143417864299153,0.192388979017837,0.154689139861499
39900,26.2373546735599,0.0477078958471785,0.40838081253723,0.388765390876675,0.132763861212223,0.0223820395266926,0.81033128599338,0.188744216674017,0.00092449733260268,0.899638685247497,0.0955923420589652,0.00476897269353769,0.328468057967308,0.670064404707657,0.00146753732503509,0.311071385852539,0.613023418828047,0.0759051953194137,0.0353602244542987,0.956236289826585,0.00840348571911616,0.0717501100200547,0.925844277986478,0.00240561199346777,0.0297821916534171,0.968273088841837,0.00194471950474601,0.107635273669249,0.892364726330751,0,0.828669655784021,0.1426035171654,0.0287268270505795,0.175009882227147,0.211100827470599,0.154172435681708,0.148422299778704,0.167319680312102,0.143974874529739
40060,27.3726092030706,0.0147429370839575,0.386405443219456,0.318370510810102,0.24886791142273,0.0316131974637547,0.854227811796153,0.14543908741082,0.000333100793026771,0.897019165792059,0.101688370941028,0.00129246326691271,0.359582895509074,0.637140715819391,0.00327638867153464,0.304630494299445,0.606339727715424,0.0890297779851309,0.0461370100793273,0.947735316131492,0.00612767378918081,0.0569864041305521,0.936605064004906,0.00640853186454179,0.0309974460145555,0.966845238280134,0.00215731570531092,0.135636204755356,0.862560712858536,0.00180308238610856,0.803078037302529,0.168548813590178,0.0283731491072928,0.210120109588052,0.159564708711289,0.166267558807293,0.171088005295637,0.159182765960353,0.133776851637376
40140,28.5523235094887,0.0154760630483881,0.281735149108686,0.378376058996037,0.256377148767726,0.0680355800791628,0.802274327920866,0.197033266938084,0.000692405141049255,0.881266580996351,0.115818474162364,0.00291494484128551,0.33653168435553,0.662370142263782,0.00109817338068836,0.280118493958414,0.642742577087823,0.077138928953763,0.0291805847637156,0.962766980004069,0.00805243523221543,0.0581927505214921,0.940190896011178,0.00161635346732961,0.0335877175185167,0.961465257636508,0.0049470248449753,0.191773152457436,0.808226847542564,0,0.819099651747836,0.10183098842676,0.0790693598254035,0.216450410738452,0.198055982671436,0.153065558880043,0.192783942708462,0.130641231575991,0.109002873425616
40340,26.5970602271327,0.00421913126906482,0.439201956151505,0.358930054590929,0.16059303570152,0.0370558222869805,0.908411704603834,0.0915882953961664,0,0.919946163306538,0.0766719006004845,0.00338193609297792,0.267574039038545,0.732425960961455,0,0.271163435290518,0.645430312773772,0.08340625193571,0.0379031472861117,0.955883179685456,0.00621367302843262,0.0574321699209379,0.938134651009781,0.00443317906928119,0.0257984594138474,0.968002413226387,0.00619912735976578,0.124628204196252,0.874079757518609,0.00129203828513984,0.833955543918068,0.118117358061028,0.0479270980209038,0.188725265408999,0.181099172750829,0.137489059135232,0.180622120829963,0.167855956991442,0.144208424883536
40380,27.0504798383167,0.0166313408158761,0.423451594932031,0.281582560488135,0.227336718451662,0.0509977853122957,0.835764640144126,0.162750284141574,0.0014850757143002,0.900866993936083,0.0973908721310005,0.00174213393291635,0.341669593241608,0.657709746793137,0.000620659965255929,0.277273709665646,0.618789249112741,0.103937041221614,0.0496192944604986,0.944621783363539,0.00575892217596287,0.065690931691798,0.933805181922679,0.00050388638552265,0.0525704042628647,0.947429595737135,0,0.124375886046001,0.875624113953999,0,0.790328853316256,0.164865698194309,0.0448054484894345,0.219642258332804,0.118302025115269,0.171359187263778,0.172442550037198,0.16856010920143,0.149693870049521
40484,26.6982541055343,0.0270464576073591,0.441443366884019,0.313231916526447,0.147762211788091,0.0705160471940846,0.871617097431376,0.128066040122698,0.000316862445926634,0.929429091791595,0.0662290620707009,0.00434184613770385,0.31363779935407,0.681865321407868,0.00449687923806228,0.2880994474247,0.634363375311724,0.077537177263576,0.0344800952605361,0.959732154330422,0.00578775040904179,0.0885193957395047,0.905500760669157,0.00597984359133888,0.0241325081672241,0.973428001471739,0.00243949036103669,0.101782971442352,0.896167707608881,0.00204932094876689,0.816731094286441,0.133297456207717,0.0499714495058421,0.197790042720093,0.140068877632617,0.163122414839694,0.195522139310003,0.165879574335702,0.137616951161892
40900,26.9924359134741,0.0527379528191481,0.431787630971951,0.256363293908464,0.202097395148949,0.0570137271514876,0.849030478478049,0.150407923501061,0.000561598020890181,0.918944030687176,0.0746994821383393,0.00635648717448459,0.318781202056132,0.676642958409757,0.00457583953411104,0.264968258233073,0.658235727269477,0.0767960144974494,0.0194665653768454,0.977292597631769,0.00324083699138536,0.0690411304405055,0.930648564920282,0.000310304639212786,0.0351648043621149,0.964627459992044,0.000207735645840872,0.157314183225607,0.842685816774393,0,0.843639408407965,0.0880487353393528,0.0683118562526826,0.209946258146678,0.192431024397608,0.154196034822817,0.176831318065462,0.137754993619602,0.128840370947833
41060,26.6084993220298,0.0418291662813318,0.402284434638592,0.344924611845255,0.192479151664755,0.0184826355700667,0.867514524399955,0.131447895179804,0.00103758042024085,0.91557928448933,0.0731774885713716,0.0112432269392982,0.305333275442003,0.691492889212589,0.00317383534540776,0.229666893975527,0.670404252907002,0.0999288531174705,0.0289728351616307,0.962166276378871,0.00886088845949805,0.0695432232086329,0.925939714140076,0.00451706265129118,0.0221861290629001,0.975960492914708,0.00185337802239224,0.0943364617097309,0.903350350097248,0.00231318819302092,0.810781733603053,0.157795894329829,0.0314223720671174,0.259716372967901,0.160071616466342,0.137736656023033,0.153283487695564,0.154119709454805,0.135072157392355
41180,28.1924703493663,0.029391662681185,0.32421566881086,0.359588498843661,0.206718375897039,0.0800857937672545,0.814907389259334,0.182790694020437,0.00230191672022888,0.911544013300958,0.087224728191665,0.00123125850737735,0.342815718893854,0.65625449201517,0.000929789090976127,0.286576120903144,0.629105094642041,0.0843187844548147,0.0435583970127499,0.952309075415369,0.00413252757188099,0.0919460415225899,0.906284474809833,0.00176948366757705,0.0389705374135911,0.959316106551027,0.00171335603538213,0.136610597170321,0.863055305020174,0.000334097809505749,0.779728134459978,0.187075758980504,0.0331961065595178,0.190469417227917,0.186503332684394,0.151215848007274,0.171224455583208,0.16005266433349,0.140534282163717
41460,27.7881093089442,0,0.39815042545643,0.312490498425374,0.246457836081813,0.042901240036384,0.821228711604574,0.178771288395426,0,0.862716442100587,0.129121165784076,0.00816239211533625,0.342798613264848,0.655482898739775,0.00171848799537647,0.262228406548339,0.60905758999934,0.128714003452321,0.0376122652084505,0.951996439039883,0.0103912957516669,0.0786237142817641,0.918813552257881,0.00256273346035523,0.0258878630934962,0.973042635213707,0.00106950169279662,0.11408409087714,0.885491910456303,0.00042399866655747,0.767847284780781,0.194184475609171,0.0379682396100475,0.181617496790414,0.195050468974198,0.12934354653803,0.179594910183463,0.162837324885682,0.151556252628213
41540,28.0300102212564,0.0264006032947129,0.319230318320953,0.379759549179028,0.226841184000867,0.0477683452044397,0.821691826758372,0.174880964325625,0.00342720891600329,0.888729077689564,0.10621337122051,0.00505755108992553,0.397995313053671,0.599400452951455,0.00260423399487412,0.335873187118729,0.599878503994603,0.0642483088866681,0.0543972712231465,0.940784025555292,0.00481870322156165,0.0891365225449525,0.908862805878768,0.00200067157627931,0.0349163026050253,0.960946081077645,0.00413761631732917,0.155987876820144,0.84369802867832,0.000314094501536059,0.788056587544738,0.176182202517284,0.0357612099379773,0.179394501180691,0.147948267580596,0.093470018355076,0.205320852295702,0.175854635372239,0.198011725215696
41620,26.53688565254,0.0261089891090852,0.432269368588142,0.353132635746735,0.151694276168758,0.0367947303872804,0.852253985017203,0.145434182093896,0.00231183288890082,0.861935412037136,0.130352352397395,0.00771223556546846,0.268819485525755,0.729405835461845,0.00177467901240037,0.225839808066534,0.637190506455696,0.13696968547777,0.0235160428660826,0.969356305435158,0.00712765169875978,0.0575853383693501,0.941090560845,0.00132410078564985,0.0288903471669743,0.967198611845909,0.00391104098711693,0.104329614224415,0.895058699464908,0.000611686310677738,0.870735875910083,0.100899507857518,0.0283646162323984,0.236120085216475,0.223843241301574,0.167307740460869,0.156614182816936,0.121257974718259,0.0948567754858879
41700,26.6959537840789,0.0233403979357719,0.408292014030457,0.311808645213187,0.249707182466106,0.00685176035447749,0.783906470977391,0.215933541895085,0.000159987127524544,0.714981200307067,0.277141227229897,0.00787757246303618,0.312628023248928,0.687371976751072,0,0.244145023721309,0.611055307555864,0.144799668722827,0.0490809893978797,0.928449632737006,0.0224693778651142,0.0864498892213721,0.913550110778628,0,0.0313240690511699,0.96722721441538,0.00144871653345001,0.141314351250261,0.857642766198338,0.00104288255140129,0.783543139693948,0.170483929952895,0.0459729303531577,0.22644796119382,0.194405347620161,0.166149595868547,0.15964723675687,0.136598587037718,0.116751271522884
41980,27.7748011661882,0.0303674620068471,0.370410514356741,0.282098060286503,0.254451938690802,0.0626720246591067,0.643258716733919,0.351260245681835,0.00548103758424649,0.93451141742,0.0635190657607441,0.00196951681925625,0.455068290883118,0.541804809046018,0.00312690007086352,0.311208881769707,0.603662928394894,0.085128189835399,0.066669757380546,0.928690164971328,0.00464007764812596,0.0413301700833727,0.958209979418533,0.000459850498094162,0.0336416169927114,0.965463148814425,0.000895234192863571,0.192826665435596,0.80352059338673,0.00365274117767446,0.876074175708228,0.115623479941579,0.00830234435019352,0.214201219527353,0.153131615012527,0.16975273358627,0.165401421519136,0.147189025885472,0.150323984469243
42420,28.552067060322,0.0299947784607374,0.377264314654569,0.281192210897148,0.225658334108266,0.0858903618792789,0.769852334878748,0.230147665121252,0,0.822649529474134,0.176672556809705,0.00067791371616106,0.369645713380865,0.628090432306203,0.00226385431293239,0.26506973290112,0.593560080190593,0.141370186908287,0.0434138898126876,0.951185988173097,0.0054001220142158,0.0868123519974852,0.907348123849617,0.0058395241528982,0.0370548335863207,0.953306984996935,0.00963818141674396,0.186316356250795,0.810257269162073,0.00342637458713215,0.752658623781258,0.215597737702602,0.0317436385161409,0.187897042342087,0.14996660720181,0.1327931190693,0.169872537443015,0.17735680652193,0.182113887421858
42644,26.1076078017017,0.0367706866192033,0.467853254237418,0.30557105031409,0.149262523323228,0.0405424855060604,0.861771430612521,0.13564058354973,0.00258798583774879,0.903728609245756,0.0885250065070984,0.00774638424714525,0.278403387340823,0.717783047096602,0.00381356556257448,0.251818021877846,0.652399443263053,0.0957825348591005,0.0264713132240558,0.969393180641011,0.004135506134933,0.0648235992501157,0.931375885576744,0.00380051517314024,0.029302021872669,0.968805041604821,0.00189293652250956,0.0921032737771606,0.904047658591333,0.00384906763150687,0.858941283599965,0.0991521918359979,0.0419065245640368,0.192096407061652,0.206365285238989,0.178974978533106,0.165465332355648,0.144334639065958,0.112763357744648
43524,26.4446933508834,0.0173168019010061,0.406577679488926,0.417344487032806,0.128814502909894,0.0299465286673677,0.870011246146115,0.129532376682412,0.000456377171472492,0.879980998923015,0.119018032231321,0.00100096884566407,0.291235720452786,0.701695042636528,0.00706923691068598,0.303656440227243,0.636599420287817,0.0597441394849398,0.0241112753212244,0.968682000139536,0.00720672453923963,0.057080671618387,0.935663560186752,0.00725576819486055,0.0195001488100732,0.977621904016051,0.00287794717387626,0.105265015145522,0.892075844920171,0.0026591399343069,0.867933134942814,0.0826173966348632,0.0494494684223223,0.185049649517377,0.175035157253375,0.16968179391627,0.187686910812721,0.147578566644449,0.134967921855807
43580,28.2945128263962,0.0463930802763966,0.326083982729854,0.359516626512411,0.184730130104467,0.0832761803768717,0.792165053430183,0.207117900179744,0.000717046390073838,0.902118982895531,0.0944579223484863,0.00342309475598228,0.302656357844938,0.693789303692071,0.00355433846299148,0.268495857869586,0.617882534819968,0.113621607310446,0.0447189628494919,0.952724227289483,0.00255680986102479,0.0724604538819537,0.924903324871806,0.00263622124623991,0.02949810301554,0.970122643038966,0.000379253945494257,0.107162604489436,0.892731786705774,0.000105608804789329,0.786071682347516,0.19208945577511,0.0218388618773741,0.19126529416245,0.193651797490882,0.145935703375226,0.175979120334288,0.162126913015482,0.131041171621673
43620,27.6978198573172,0.000458595434861207,0.392665103492478,0.336906377467337,0.209573246076404,0.0603966775289197,0.884255014803211,0.115744985196789,0,0.853857216524489,0.142209557839875,0.00393322563563636,0.303060235246027,0.696748407911071,0.000191356842902312,0.224345679254237,0.623067750936248,0.152586569809515,0.0469129154989619,0.951369815983472,0.00171726851756604,0.0637134609058193,0.935674863224479,0.0006116758697021,0.0163553803818397,0.980122634577632,0.00352198504052864,0.109643734396163,0.890356265603837,0,0.789170120754822,0.201564908720785,0.0092649705243935,0.197118946073596,0.221428334209814,0.144749036958594,0.157144694320836,0.158046079411741,0.121512909025419
43780,28.2347603125385,0,0.275843856141718,0.413022308941668,0.266515089874628,0.0446187450419851,0.809240462736307,0.18968770820214,0.00107182906155317,0.87578129962433,0.118264179497322,0.00595452087834884,0.376805963195356,0.617715975925687,0.00547806087895684,0.281986575338592,0.606441619297675,0.111571805363733,0.048909661451297,0.942708584583134,0.00838175396556927,0.0938062388116229,0.903872855503121,0.00232090568525648,0.0316161252938431,0.968383874706157,0,0.111302881458968,0.888697118541032,0,0.731798234759687,0.19599991169723,0.072201853543083,0.163538658932671,0.214790056240666,0.138821890283354,0.173453506366732,0.175932017234346,0.133463870942231
43900,29.1949869803624,0.0254214747008839,0.41171813557115,0.271713050776406,0.100175551485618,0.190971787465943,0.792425240935534,0.202964233044915,0.00461052601955101,0.849056719016372,0.144988714079394,0.00595456690423423,0.389734224841735,0.608223559841356,0.00204221531690813,0.332930100868009,0.601603513625984,0.0654663855060076,0.0272261290103268,0.961136922119761,0.0116369488699122,0.0670750615931452,0.926225322960785,0.00669961544606953,0.0176856369929749,0.980399334943535,0.00191502806349049,0.129881009639335,0.870118990360665,0,0.787732099741328,0.175812836600176,0.0364550636584969,0.212849046781496,0.146889648300982,0.141887149945139,0.181244587339934,0.172250712305747,0.144878855326701
44060,28.5722499205903,0.0481954642593177,0.364223803297313,0.262865283445358,0.218117083708797,0.106598365289214,0.848277567389304,0.14966514156388,0.00205729104681616,0.929358402568027,0.0648635084350112,0.00577808899696207,0.302537409322526,0.695575714197066,0.00188687648040805,0.263381657740405,0.632431209690714,0.104187132568881,0.0307570358687868,0.960387779444371,0.00885518468684242,0.088295820520586,0.9055208255315,0.00618335394791367,0.0303552810859723,0.965599222298431,0.00404549661559699,0.103403431981658,0.891628457804262,0.0049681102140798,0.798194898648304,0.161870245850994,0.0399348555007023,0.20883047681665,0.173311754305763,0.131682084182943,0.182540900182053,0.169179412968649,0.134455371543942
44140,25.9084989179997,0.0109199479942163,0.562378621685917,0.257680274692896,0.14793771847716,0.0210834371498105,0.79831690033766,0.191692087742638,0.00999101191970223,0.935349207193548,0.0611726226737054,0.00347817013274614,0.331292943112182,0.668211131522103,0.000495925365715513,0.274380045327018,0.608430260399975,0.117189694273007,0.0443651572988766,0.945770573166386,0.00986426953473788,0.0727250883589974,0.926083579566937,0.0011913320740658,0.036799106657009,0.962373824824609,0.000827068518382223,0.101413324739846,0.898586675260154,0,0.790014570113536,0.179203567420486,0.0307818624659777,0.242120345842038,0.149403557833292,0.108180012817031,0.192990699890519,0.166904711133505,0.140400672483615
45220,27.4565666491001,0.0708816862013535,0.43384820807857,0.207441716487477,0.198326890010557,0.0895014992220424,0.877021065211483,0.122721302123476,0.000257632665041343,0.897030040215476,0.102251431444616,0.000718528339907162,0.304476939361682,0.695292208696408,0.000230851941910592,0.234741572991444,0.689342860890653,0.0759155661179028,0.0315976235004813,0.95272952604432,0.0156728504551985,0.0506773774350349,0.944812789377579,0.00450983318738633,0.0337739078342812,0.961983522521786,0.00424256964393312,0.111873759831104,0.883087124315935,0.00503911585296071,0.811601679292342,0.131867584362994,0.0565307363446646,0.284905074531662,0.180662212976564,0.141484291207038,0.136906206053998,0.144129651994404,0.111912563236334
45300,26.3079208571484,0.0217413495336418,0.428679342868281,0.361225810146279,0.156336001648768,0.0320174958030305,0.792281560465822,0.206148717400707,0.00156972213347123,0.839493184441501,0.157676021302606,0.00283079425589322,0.362146134529895,0.634900016623077,0.00295384884702883,0.333600635308727,0.615448225588139,0.050951139103134,0.0553808938457606,0.936844880889524,0.00777422526471603,0.0983992598289708,0.900701165206187,0.000899574964842531,0.0191484904316239,0.977404757683331,0.00344675188504502,0.131563036571727,0.863465064033437,0.00497189939483609,0.770164374368165,0.173578791489442,0.0562568341423929,0.165417106649451,0.1756266744376,0.133132086435476,0.194387364318355,0.167158550230548,0.164278217928569
45780,29.8605729239071,0.0165835057117264,0.271845385907982,0.339493741675073,0.287194157508103,0.0848832091971155,0.818621336226972,0.179176234008895,0.00220242976413258,0.934118116262417,0.0649525053297213,0.000929378407861529,0.399375832369665,0.592500264832716,0.00812390279761914,0.303053441479368,0.586070373350022,0.11087618517061,0.0650998152953993,0.930477971597384,0.00442221310721628,0.0554374140220631,0.942797264445449,0.00176532153248767,0.0238977505548959,0.972367675139079,0.00373457430602551,0.147500154589309,0.852499845410691,0,0.755257553423663,0.186668296020518,0.0580741505558191,0.227737767628027,0.140765505655789,0.168219278278799,0.16912952304725,0.161252969173265,0.132894956216871
45820,29.1081424464857,0.0299298785060743,0.273897458950973,0.295793163342885,0.320151810263879,0.0802276889361886,0.814935448447081,0.182980436521104,0.0020841150318157,0.890277165836361,0.0963979649284737,0.0133248692351654,0.398687681054017,0.594183019139446,0.00712929980653746,0.312856866863277,0.583235619153263,0.10390751398346,0.0452937201947944,0.946504583322499,0.0082016964827067,0.0759473154951882,0.919955589259891,0.00409709524492085,0.0419236804182821,0.953438804045667,0.00463751553605137,0.141711716430041,0.857145963530572,0.00114232003938773,0.743707274478471,0.194751066647492,0.0615416588740374,0.188247540429174,0.16666959831286,0.140142608983908,0.175472939630774,0.173927390307946,0.155539922335339
46140,29.0683206337526,0.00668740108042807,0.32926157742832,0.317107094209064,0.246707475383861,0.100236451898327,0.796229528662895,0.197103830844667,0.00666664049243749,0.838670236033628,0.156754963458013,0.00457480050835866,0.399599041914023,0.598630326308819,0.00177063177715786,0.273079426588239,0.571634553517149,0.155286019894613,0.0409402524259415,0.949831447639618,0.00922829993444084,0.0678008658536915,0.930463129015208,0.00173600513110082,0.0348343719488606,0.958911744930566,0.00625388312057318,0.147419184810552,0.848649311105159,0.00393150408428945,0.768716701238012,0.191627668453883,0.0396556303081046,0.205908820212037,0.196310301197124,0.140774263681993,0.159785184957074,0.16035170116766,0.136869728784113
46220,28.3110355502507,0.0242754063849136,0.351882113451324,0.276768957508658,0.290455884566755,0.0566176380883504,0.808811991044412,0.188518149586532,0.00266985936905541,0.858888490582533,0.139218867367738,0.00189264204972948,0.405872658496414,0.594127341503586,0,0.30522627677844,0.616703977607395,0.0780697456141657,0.0298041976607008,0.963204637973429,0.00699116436587048,0.0693772874623902,0.930047637919809,0.000575074617800561,0.020390967245882,0.979609032754118,0,0.12398632102371,0.87601367897629,0,0.748117255548547,0.185290289436202,0.0665924550152509,0.21288946035504,0.238549670545034,0.152460706035915,0.146332544970538,0.127620139425702,0.122147478667772
47260,28.5427882417502,0.00478947325165895,0.307214154989625,0.320184488296413,0.322624165098694,0.0451877183636098,0.840084877764002,0.158315879435084,0.00159924280091346,0.879983256296853,0.118162584957882,0.00185415874526506,0.35211456289789,0.644702551702389,0.00318288539972101,0.268446468698623,0.636663310934623,0.0948902203667539,0.0381767398071952,0.956696130525516,0.005127129667289,0.0684953404046787,0.928806512903604,0.00269814669171753,0.0306137438396518,0.965938368442811,0.00344788771753685,0.14982891964611,0.849874316257714,0.000296764096175957,0.800676849141588,0.154884417117805,0.0444387337406065,0.239849753778694,0.180543668801984,0.144880543591877,0.167258605611885,0.143058894311273,0.124408533904286
47664,27.1545185396578,0.0482641529584268,0.361014309088149,0.340147868909521,0.211318295992113,0.0392553730517892,0.823603006017015,0.174378500560236,0.00201849342274975,0.933406499350096,0.0602611859124416,0.00633231473746278,0.345313561378904,0.653337379151286,0.00134905946980972,0.318628593025803,0.570708206283835,0.110663200690363,0.0519536172468571,0.941434704699431,0.00661167805371162,0.0893000406283662,0.906267876507111,0.00443208286452329,0.0327167996270714,0.964772878199004,0.00251032217392451,0.12149341192713,0.87800196177846,0.000504626294409979,0.798203743520105,0.158469428975608,0.043326827504288,0.184113056139602,0.138616039696637,0.180504536319106,0.18871458047752,0.164796990933425,0.143254796433709
47894,26.8834679301365,0.0375866277280421,0.400629080510158,0.332787207712191,0.177580276375652,0.0514168076739567,0.869008241016542,0.129110868959059,0.00188089002439868,0.902179530731654,0.0939540152603332,0.00386645400801239,0.289795710718082,0.708325810897001,0.00187847838491712,0.278647555181054,0.640300590761653,0.0810518540572925,0.0261698746321768,0.968197258030823,0.00563286733700031,0.0556159090799743,0.940511710131818,0.00387238078820742,0.0223487905477712,0.974225907615543,0.00342530183668613,0.0982844371232837,0.898769139934559,0.00294642294215685,0.855536509397253,0.107412957100689,0.0370505335020578,0.213785141766167,0.195064926397686,0.180130827929084,0.174663384957322,0.133178266952259,0.103177451997483
48620,28.9454263006615,0.0246374426617419,0.307667335880154,0.333555562641592,0.251801509526112,0.0823381492903999,0.810264030572421,0.186781720623558,0.00295424880402072,0.86006468395227,0.131371927778252,0.00856338826947848,0.371328283635334,0.624499072383356,0.00417264398130966,0.279172665075167,0.603894425856531,0.116932909068303,0.0422412706946601,0.950744268798573,0.0070144605067671,0.0738590861787593,0.924058519903606,0.00208239391763516,0.0298900440933873,0.967473155059147,0.00263680084746586,0.135229895502038,0.86369847801108,0.00107162648688193,0.761481676376325,0.17554363706915,0.0629746865545245,0.211738422951255,0.182852774287045,0.155332610335235,0.164046216177096,0.157951915019045,0.128078061230323
48660,27.6548175861232,0.124824140001187,0.185418926518289,0.390553370842435,0.220027178210647,0.0791763844274423,0.648199274135222,0.349976884066194,0.00182384179858375,0.797620624708843,0.185736229995968,0.016643145295189,0.389364842681701,0.610506207470726,0.00012894984757368,0.276525738225119,0.608808484346825,0.114665777428056,0.105760319924048,0.853406070026201,0.0408336100497513,0.0681447631607586,0.931783062199455,7.21746397862684e-05,0.0388880870657826,0.960775975208177,0.000335937726040427,0.227047235270108,0.772773615787515,0.00017914894237707,0.729794628236962,0.214511776962857,0.0556935948001805,0.26515378981273,0.111990684349701,0.200269254610008,0.142995900684923,0.145927875745604,0.133662494797034
48864,27.0072978817098,0.0404966144182745,0.36016573782323,0.37868516225635,0.17182034115947,0.0488321443426751,0.815659355423878,0.179991689881532,0.00434895469458934,0.912482615986603,0.0835976490809827,0.00391973493241404,0.363243029820442,0.633559132201982,0.0031978379775758,0.295282019747127,0.635563957970774,0.0691540222820995,0.0362028429149696,0.952302506935729,0.0114946501493014,0.0696566616601302,0.926567540287113,0.00377579805275662,0.0297037893345604,0.966974753466774,0.0033214571986658,0.143514436373349,0.851828430675877,0.00465713295077406,0.790813208127551,0.163169502185909,0.0460172896865402,0.191020902408476,0.187589862557957,0.147114808465433,0.18157094767375,0.156170827731846,0.136532651162538
49340,26.157999018466,0.0421014255105495,0.428352620026041,0.354131311079768,0.136541439906877,0.0388732034767643,0.820560546109226,0.175425299404488,0.00401415448628663,0.93020269301476,0.0689745715983306,0.000822735386909178,0.322897775351666,0.674273512919267,0.00282871172906654,0.26071579119007,0.621006689735769,0.118277519074161,0.0405772031164921,0.953532108777609,0.00589068810589879,0.0827812079962165,0.915035680289629,0.00218311171415465,0.02855072744134,0.967918316285164,0.0035309562734965,0.13856600819512,0.860648595982141,0.000785395822738867,0.808146070909639,0.146252609399406,0.0456013196909555,0.186010668819623,0.195563955371219,0.132825853291597,0.210840838979375,0.148432040569398,0.126326642968788
