"MMSA","Indicator name","Percent of population"
10100,"underweight",2.73858960433866
10100,"normalweight",38.9987983853978
10100,"overweight",26.0110547895514
10100,"obese",25.6900744328724
10100,"extremeobesity",6.5614827878397
10100,"Gen_Hlth_bad",13.256301194596
10100,"Uninsured",9.61936819452072
10100,"BP_High",33.4579223264446
10100,"Chol_High",22.1788750498703
10100,"HD_yes",4.07678076862737
10100,"cancer_yes",11.5976616346086
10100,"KD_yes",2.62953092337034
10100,"Diabetes_yes",14.7432399650621
10100,"Smoke_yes",81.2450832741645
10100,"age_30minus",15.7564261719439
10100,"age_30_40",21.7931106914847
10100,"age_40_50",13.2607320734229
10100,"age_50_60",18.9974370423464
10100,"age_60_70",13.8836287470532
10100,"age_70plus",16.3086652737488
10580,"underweight",0
10580,"normalweight",38.1870519153319
10580,"overweight",30.7514422055033
10580,"obese",26.5800007018554
10580,"extremeobesity",4.48150517730941
10580,"Gen_Hlth_bad",16.6409351182194
10580,"Uninsured",6.87274139621156
10580,"BP_High",34.5533757384915
10580,"Chol_High",24.8192304052633
10580,"HD_yes",4.89171796847993
10580,"cancer_yes",7.12864640702103
10580,"KD_yes",2.55728992337787
10580,"Diabetes_yes",12.8654675192432
10580,"Smoke_yes",78.6734588988409
10580,"age_30minus",19.4666274317853
10580,"age_30_40",16.1972535899154
10580,"age_40_50",14.9607181091893
10580,"age_50_60",18.9182763253904
10580,"age_60_70",16.8493133924705
10580,"age_70plus",13.607811151249
10740,"underweight",2.11864445222619
10740,"normalweight",40.09976233294
10740,"overweight",36.4470078544277
10740,"obese",17.336668009315
10740,"extremeobesity",3.99791735109115
10740,"Gen_Hlth_bad",19.1388088434656
10740,"Uninsured",11.5770558086596
10740,"BP_High",30.520877987137
10740,"Chol_High",25.9514169746307
10740,"HD_yes",2.49364679500531
10740,"cancer_yes",6.6062705646949
10740,"KD_yes",3.23032731320024
10740,"Diabetes_yes",12.6246236244488
10740,"Smoke_yes",79.568784022843
10740,"age_30minus",19.8658306875834
10740,"age_30_40",17.6376798629293
10740,"age_40_50",16.8994164103449
10740,"age_50_60",16.021584975122
10740,"age_60_70",16.0524160882069
10740,"age_70plus",13.5230719758135
10900,"underweight",1.13943569321191
10900,"normalweight",48.8008316703372
10900,"overweight",27.6431301746692
10900,"obese",21.3233857190163
10900,"extremeobesity",1.09321674276549
10900,"Gen_Hlth_bad",17.0449837289304
10900,"Uninsured",6.42163300576788
10900,"BP_High",33.5627525150415
10900,"Chol_High",26.8844421015035
10900,"HD_yes",4.02656597466581
10900,"cancer_yes",8.66377099104946
10900,"KD_yes",2.51271264202284
10900,"Diabetes_yes",14.1331033373681
10900,"Smoke_yes",76.6425032838455
10900,"age_30minus",20.9142376105108
10900,"age_30_40",12.3276345158443
10900,"age_40_50",15.3626832379525
10900,"age_50_60",18.5402546036146
10900,"age_60_70",16.212651567305
10900,"age_70plus",16.6425384647728
11260,"underweight",1.61682839876152
11260,"normalweight",38.8548519097747
11260,"overweight",21.0562645694755
11260,"obese",29.2071675683369
11260,"extremeobesity",9.26488755365137
11260,"Gen_Hlth_bad",19.0376997345633
11260,"Uninsured",10.3535922367553
11260,"BP_High",33.9716156954259
11260,"Chol_High",24.6290004281845
11260,"HD_yes",3.05663263710099
11260,"cancer_yes",7.08400234830874
11260,"KD_yes",2.54928452856348
11260,"Diabetes_yes",9.67534002514599
11260,"Smoke_yes",75.1803806959203
11260,"age_30minus",25.0407170764696
11260,"age_30_40",20.505645976756
11260,"age_40_50",15.1057574390195
11260,"age_50_60",16.5499142806038
11260,"age_60_70",13.4674815994015
11260,"age_70plus",9.33048362774968
12060,"underweight",2.21275168090245
12060,"normalweight",40.9903725836043
12060,"overweight",29.7484824681219
12060,"obese",21.5854841579275
12060,"extremeobesity",5.46290910944384
12060,"Gen_Hlth_bad",16.0036469539846
12060,"Uninsured",16.2152087575982
12060,"BP_High",32.5419689278441
12060,"Chol_High",25.8767766547626
12060,"HD_yes",2.73991603078738
12060,"cancer_yes",5.40308263805209
12060,"KD_yes",2.44605308917894
12060,"Diabetes_yes",12.7953686234425
12060,"Smoke_yes",80.6415299997876
12060,"age_30minus",20.6731350322751
12060,"age_30_40",18.1151490101685
12060,"age_40_50",20.587613266584
12060,"age_50_60",16.7857287123261
12060,"age_60_70",13.1460584979371
12060,"age_70plus",10.6923154807093
12260,"underweight",1.8785660010224
12260,"normalweight",26.7199800162979
12260,"overweight",34.0612977837995
12260,"obese",25.3532162496921
12260,"extremeobesity",11.986939949188
12260,"Gen_Hlth_bad",18.240807125665
12260,"Uninsured",14.3710278674331
12260,"BP_High",39.9431398641193
12260,"Chol_High",32.7362644822273
12260,"HD_yes",5.95064210473178
12260,"cancer_yes",6.81329518251763
12260,"KD_yes",2.77422749614743
12260,"Diabetes_yes",17.1640458963896
12260,"Smoke_yes",79.1249045013802
12260,"age_30minus",22.7122716798681
12260,"age_30_40",15.6568248340328
12260,"age_40_50",16.3118608068703
12260,"age_50_60",13.1847230916887
12260,"age_60_70",20.1514832983935
12260,"age_70plus",11.9828362891466
12420,"underweight",0.628441757310103
12420,"normalweight",41.4698566494702
12420,"overweight",37.4048159426739
12420,"obese",17.8906763520903
12420,"extremeobesity",2.60620929845552
12420,"Gen_Hlth_bad",14.9233092315224
12420,"Uninsured",18.2216958431911
12420,"BP_High",27.7186952777368
12420,"Chol_High",28.4218251782266
12420,"HD_yes",2.44021895606181
12420,"cancer_yes",5.61623833970218
12420,"KD_yes",2.38413799366972
12420,"Diabetes_yes",11.2363206541661
12420,"Smoke_yes",84.1617858894461
12420,"age_30minus",22.6801002062076
12420,"age_30_40",22.0221966648024
12420,"age_40_50",17.5122113699109
12420,"age_50_60",16.9216348687281
12420,"age_60_70",12.1996827631219
12420,"age_70plus",8.66417412722918
12580,"underweight",1.32665529389671
12580,"normalweight",40.2330680131022
12580,"overweight",30.5366596798963
12580,"obese",21.8852294030438
12580,"extremeobesity",6.01838761006092
12580,"Gen_Hlth_bad",15.2826257408925
12580,"Uninsured",5.95934642848397
12580,"BP_High",35.2649393923024
12580,"Chol_High",28.3154234003049
12580,"HD_yes",3.37831784326874
12580,"cancer_yes",6.53134910833691
12580,"KD_yes",3.21339440686897
12580,"Diabetes_yes",13.095222546885
12580,"Smoke_yes",80.1566378758545
12580,"age_30minus",19.8585420880838
12580,"age_30_40",17.6409539991591
12580,"age_40_50",15.6188590481936
12580,"age_50_60",18.0005157748319
12580,"age_60_70",15.322800790151
12580,"age_70plus",13.5583282995806
12940,"underweight",1.20292434414156
12940,"normalweight",33.8976346929555
12940,"overweight",27.6688885128354
12940,"obese",28.6293220687712
12940,"extremeobesity",8.6012303812963
12940,"Gen_Hlth_bad",19.6873892486169
12940,"Uninsured",10.8925886190118
12940,"BP_High",38.6760903714701
12940,"Chol_High",31.0762129673054
12940,"HD_yes",4.61486902544725
12940,"cancer_yes",6.85439348129514
12940,"KD_yes",2.61617578422213
12940,"Diabetes_yes",13.8245517143132
12940,"Smoke_yes",73.0192411320341
12940,"age_30minus",24.1317757676335
12940,"age_30_40",17.848789510216
12940,"age_40_50",15.6682993038182
12940,"age_50_60",17.1218580817209
12940,"age_60_70",14.0342212688291
12940,"age_70plus",11.1950560677823
13740,"underweight",2.72137140982612
13740,"normalweight",41.5366358744114
13740,"overweight",36.9988547711552
13740,"obese",15.2810261271566
13740,"extremeobesity",3.46211181745067
13740,"Gen_Hlth_bad",14.3221159670912
13740,"Uninsured",9.62889899475075
13740,"BP_High",26.57965399189
13740,"Chol_High",24.1067018206499
13740,"HD_yes",3.21638562670268
13740,"cancer_yes",8.03306457873001
13740,"KD_yes",2.8490885821423
13740,"Diabetes_yes",8.65557037504625
13740,"Smoke_yes",80.1263740511791
13740,"age_30minus",19.5345488556573
13740,"age_30_40",16.5357254541365
13740,"age_40_50",16.1684440429097
13740,"age_50_60",16.2690743644535
13740,"age_60_70",16.0323007856421
13740,"age_70plus",15.4599064972009
13820,"underweight",1.80234798086439
13820,"normalweight",33.85651933775
13820,"overweight",29.2508656261665
13820,"obese",27.7907494624852
13820,"extremeobesity",7.29951759273389
13820,"Gen_Hlth_bad",19.706540613623
13820,"Uninsured",12.3551811156191
13820,"BP_High",42.7357273053747
13820,"Chol_High",29.8665916801051
13820,"HD_yes",4.42741957711378
13820,"cancer_yes",7.13655652632235
13820,"KD_yes",4.63151390953166
13820,"Diabetes_yes",16.0616425429518
13820,"Smoke_yes",77.4296806969353
13820,"age_30minus",18.9996599848784
13820,"age_30_40",18.3121825054829
13820,"age_40_50",15.9929077706065
13820,"age_50_60",15.5261076379308
13820,"age_60_70",17.21601737931
13820,"age_70plus",13.9531247217913
13900,"underweight",2.89248280506386
13900,"normalweight",38.0192234858873
13900,"overweight",30.6288604167449
13900,"obese",23.4338303507183
13900,"extremeobesity",5.02560294158569
13900,"Gen_Hlth_bad",13.7779769011255
13900,"Uninsured",6.28236698363284
13900,"BP_High",31.985339474616
13900,"Chol_High",27.5804622164244
13900,"HD_yes",4.14020382591114
13900,"cancer_yes",6.94512162533785
13900,"KD_yes",2.26981395041218
13900,"Diabetes_yes",10.6720149683687
13900,"Smoke_yes",77.3443750012303
13900,"age_30minus",20.9891280271815
13900,"age_30_40",18.3909251191097
13900,"age_40_50",13.7560475907298
13900,"age_50_60",17.5516942877118
13900,"age_60_70",15.8612418971944
13900,"age_70plus",13.4509630780728
14260,"underweight",3.34428242853337
14260,"normalweight",43.7111943098674
14260,"overweight",32.0794186385959
14260,"obese",15.7683821558632
14260,"extremeobesity",5.09672246714008
14260,"Gen_Hlth_bad",13.7844035967479
14260,"Uninsured",15.7593250716265
14260,"BP_High",31.2889209321181
14260,"Chol_High",25.0661299067674
14260,"HD_yes",3.10583963591684
14260,"cancer_yes",6.41680305182649
14260,"KD_yes",2.91645156744434
14260,"Diabetes_yes",10.678987728612
14260,"Smoke_yes",83.1463336287052
14260,"age_30minus",18.8775017666226
14260,"age_30_40",19.7104813043429
14260,"age_40_50",18.2900242109399
14260,"age_50_60",15.267544446933
14260,"age_60_70",15.8131140645297
14260,"age_70plus",12.041334206632
14454,"underweight",6.77811754395713
14454,"normalweight",39.7106820376751
14454,"overweight",30.5542672614915
14454,"obese",20.2879570850402
14454,"extremeobesity",2.66897607183609
14454,"Gen_Hlth_bad",14.8916741753229
14454,"Uninsured",6.62782744622567
14454,"BP_High",27.6028387885603
14454,"Chol_High",28.1047799671732
14454,"HD_yes",3.01957297886855
14454,"cancer_yes",7.35471372748689
14454,"KD_yes",3.771438143011
14454,"Diabetes_yes",11.9868442043508
14454,"Smoke_yes",79.5265350489306
14454,"age_30minus",24.0203081859221
14454,"age_30_40",15.5081002307098
14454,"age_40_50",16.9780995798747
14454,"age_50_60",16.6894537423477
14454,"age_60_70",12.8453969370766
14454,"age_70plus",13.958641324069
15380,"underweight",6.17283020506509
15380,"normalweight",38.0499406161281
15380,"overweight",37.2789623876777
15380,"obese",12.1829035053491
15380,"extremeobesity",6.31536328577997
15380,"Gen_Hlth_bad",16.1380788446638
15380,"Uninsured",5.7169859454512
15380,"BP_High",37.4538414489217
15380,"Chol_High",24.6634278356368
15380,"HD_yes",5.29076384728741
15380,"cancer_yes",8.01366485252735
15380,"KD_yes",3.3186024228203
15380,"Diabetes_yes",14.4314454398034
15380,"Smoke_yes",76.9420213183793
15380,"age_30minus",19.6267405894984
15380,"age_30_40",16.9268935928282
15380,"age_40_50",13.0686155069349
15380,"age_50_60",17.7736581427687
15380,"age_60_70",17.1621012073713
15380,"age_70plus",15.4419909605985
15540,"underweight",1.65088594385911
15540,"normalweight",47.0925352565759
15540,"overweight",28.8282776928405
15540,"obese",18.0760777725529
15540,"extremeobesity",4.35222333417156
15540,"Gen_Hlth_bad",10.2669383385291
15540,"Uninsured",4.62686412753875
15540,"BP_High",28.127309006742
15540,"Chol_High",22.5752067653059
15540,"HD_yes",3.58350665325752
15540,"cancer_yes",6.34608803243364
15540,"KD_yes",2.24763010366
15540,"Diabetes_yes",8.99316615402661
15540,"Smoke_yes",82.1094855759471
15540,"age_30minus",22.4940920701682
15540,"age_30_40",17.2826863617056
15540,"age_40_50",15.0701956276395
15540,"age_50_60",16.546696132939
15540,"age_60_70",15.7522462376163
15540,"age_70plus",12.8540835699313
15764,"underweight",3.02987650986992
15764,"normalweight",54.0630665077685
15764,"overweight",26.6192248009305
15764,"obese",13.8203534075209
15764,"extremeobesity",2.46747877391018
15764,"Gen_Hlth_bad",13.5301055315307
15764,"Uninsured",4.15607394997834
15764,"BP_High",30.2941451708848
15764,"Chol_High",27.842553125379
15764,"HD_yes",2.86384471341463
15764,"cancer_yes",6.93933339248127
15764,"KD_yes",2.59638225813059
15764,"Diabetes_yes",12.2954446138811
15764,"Smoke_yes",87.5767044462426
15764,"age_30minus",19.963683955354
15764,"age_30_40",17.1081504091427
15764,"age_40_50",15.211872518562
15764,"age_50_60",19.648660694742
15764,"age_60_70",14.5022498554489
15764,"age_70plus",13.5653825667503
15804,"underweight",2.29699079168417
15804,"normalweight",35.0252453318327
15804,"overweight",36.3905442351634
15804,"obese",19.3372523160664
15804,"extremeobesity",6.94996732525328
15804,"Gen_Hlth_bad",22.0989127254919
15804,"Uninsured",8.14638868560595
15804,"BP_High",38.3993347650834
15804,"Chol_High",31.7261440653429
15804,"HD_yes",4.26484188120135
15804,"cancer_yes",6.6889854429882
15804,"KD_yes",3.6267810663309
15804,"Diabetes_yes",15.8904173469316
15804,"Smoke_yes",79.386663399674
15804,"age_30minus",20.3880479195328
15804,"age_30_40",14.6771171144818
15804,"age_40_50",16.6734825563354
15804,"age_50_60",18.2381366995634
15804,"age_60_70",15.7347451127115
15804,"age_70plus",14.2884705973751
16300,"underweight",0.924318132778909
16300,"normalweight",31.7482670585028
16300,"overweight",33.1413138386789
16300,"obese",27.1767571646978
16300,"extremeobesity",7.00934380534161
16300,"Gen_Hlth_bad",13.6139462391992
16300,"Uninsured",5.32156151238223
16300,"BP_High",29.0622524505795
16300,"Chol_High",29.7953236222662
16300,"HD_yes",3.7040920465768
16300,"cancer_yes",9.32922188863044
16300,"KD_yes",2.24777417013999
16300,"Diabetes_yes",11.2275700319138
16300,"Smoke_yes",79.880845510513
16300,"age_30minus",21.5394459999589
16300,"age_30_40",14.3851649571464
16300,"age_40_50",16.6096469973512
16300,"age_50_60",18.1757762684536
16300,"age_60_70",14.3379818287912
16300,"age_70plus",14.9519839482988
16620,"underweight",1.22467357731346
16620,"normalweight",28.6720966695111
16620,"overweight",41.1796408436864
16620,"obese",20.8474469851447
16620,"extremeobesity",8.07614192434438
16620,"Gen_Hlth_bad",26.6776334520263
16620,"Uninsured",7.30624426744228
16620,"BP_High",47.3098507018558
16620,"Chol_High",37.5977839841927
16620,"HD_yes",7.68429479502372
16620,"cancer_yes",7.55967633495547
16620,"KD_yes",4.96785562129853
16620,"Diabetes_yes",21.4636075959712
16620,"Smoke_yes",74.1283024211931
16620,"age_30minus",17.2628897303408
16620,"age_30_40",14.5744780317483
16620,"age_40_50",14.7029678909768
16620,"age_50_60",17.6240719599813
16620,"age_60_70",21.2787003411585
16620,"age_70plus",14.5568920457943
16700,"underweight",1.22060277776351
16700,"normalweight",36.7075402036054
16700,"overweight",30.6190482953586
16700,"obese",26.0227331961304
16700,"extremeobesity",5.43007552714213
16700,"Gen_Hlth_bad",16.0057342962655
16700,"Uninsured",14.4104228290901
16700,"BP_High",34.6586281698958
16700,"Chol_High",28.3578066175845
16700,"HD_yes",3.91062343370592
16700,"cancer_yes",7.46116707656195
16700,"KD_yes",2.48379591886184
16700,"Diabetes_yes",13.5568794771192
16700,"Smoke_yes",78.5706424661659
16700,"age_30minus",20.6764452194886
16700,"age_30_40",18.8749471060021
16700,"age_40_50",16.566546268245
16700,"age_50_60",16.8628003155599
16700,"age_60_70",13.8515516229688
16700,"age_70plus",13.1677094677356
16740,"underweight",1.27886233718374
16740,"normalweight",31.3458317487519
16740,"overweight",39.871267276357
16740,"obese",20.1522345586132
16740,"extremeobesity",7.35180407909417
16740,"Gen_Hlth_bad",17.884889977292
16740,"Uninsured",14.1222437594983
16740,"BP_High",34.5003700161514
16740,"Chol_High",30.6541220178115
16740,"HD_yes",3.1959439050169
16740,"cancer_yes",7.36239307450867
16740,"KD_yes",4.11137288090793
16740,"Diabetes_yes",13.7024770278244
16740,"Smoke_yes",82.45018197231
16740,"age_30minus",20.1788918615497
16740,"age_30_40",18.5532219498179
16740,"age_40_50",19.4395818141045
16740,"age_50_60",15.417132271853
16740,"age_60_70",14.7559389107884
16740,"age_70plus",11.6552331918865
16980,"underweight",2.78753901682361
16980,"normalweight",41.9966530903552
16980,"overweight",30.5846929383825
16980,"obese",19.83503642972
16980,"extremeobesity",4.79607852471881
16980,"Gen_Hlth_bad",17.3942348259281
16980,"Uninsured",11.8807961146888
16980,"BP_High",32.8624699021312
16980,"Chol_High",28.1442603898302
16980,"HD_yes",3.48888063533116
16980,"cancer_yes",5.58062601452446
16980,"KD_yes",2.89766403512597
16980,"Diabetes_yes",12.4307425659068
16980,"Smoke_yes",82.7288344280963
16980,"age_30minus",20.5280990393203
16980,"age_30_40",18.8685175297653
16980,"age_40_50",16.0139624794468
16980,"age_50_60",18.0050503299045
16980,"age_60_70",14.7005610468792
16980,"age_70plus",11.8838095746839
17140,"underweight",3.19878834223286
17140,"normalweight",39.1851556523501
17140,"overweight",34.1402977988155
17140,"obese",19.3879759146272
17140,"extremeobesity",4.08778229197431
17140,"Gen_Hlth_bad",19.4923435363851
17140,"Uninsured",8.23434545466947
17140,"BP_High",35.3311274832577
17140,"Chol_High",28.7742522644181
17140,"HD_yes",5.03975296598412
17140,"cancer_yes",5.67586151224768
17140,"KD_yes",4.06538568781537
17140,"Diabetes_yes",11.5008750343168
17140,"Smoke_yes",74.0357977920565
17140,"age_30minus",19.3605790348283
17140,"age_30_40",17.4795679850796
17140,"age_40_50",15.8114680080166
17140,"age_50_60",18.1143861049177
17140,"age_60_70",16.1298825959095
17140,"age_70plus",13.1041162712483
17200,"underweight",0.708999320928133
17200,"normalweight",42.144874764963
17200,"overweight",36.8640402911113
17200,"obese",16.091649390801
17200,"extremeobesity",4.19043623219656
17200,"Gen_Hlth_bad",13.9142898142436
17200,"Uninsured",6.34797904984645
17200,"BP_High",30.2774282419581
17200,"Chol_High",27.5820046895972
17200,"HD_yes",3.22288964902886
17200,"cancer_yes",6.98752943340057
17200,"KD_yes",2.43339065123707
17200,"Diabetes_yes",9.63664918259805
17200,"Smoke_yes",80.8040212244882
17200,"age_30minus",18.2171532109303
17200,"age_30_40",14.3816989434791
17200,"age_40_50",12.547498327046
17200,"age_50_60",20.332976444516
17200,"age_60_70",18.1987168743101
17200,"age_70plus",16.3219561997185
17460,"underweight",2.98801222340325
17460,"normalweight",29.4021984886282
17460,"overweight",29.6086882544048
17460,"obese",28.5282494140812
17460,"extremeobesity",9.47285161948255
17460,"Gen_Hlth_bad",18.3517674110988
17460,"Uninsured",6.15377705083301
17460,"BP_High",35.9365138752726
17460,"Chol_High",28.073823551645
17460,"HD_yes",4.16555804630871
17460,"cancer_yes",7.19036285335363
17460,"KD_yes",1.96119083101054
17460,"Diabetes_yes",13.8748371748044
17460,"Smoke_yes",74.9153847167635
17460,"age_30minus",19.102389694123
17460,"age_30_40",15.8043649405035
17460,"age_40_50",14.0354162455228
17460,"age_50_60",18.2446914479886
17460,"age_60_70",17.1664025037981
17460,"age_70plus",15.6467351680639
17780,"underweight",0.117775402994006
17780,"normalweight",42.3799079157159
17780,"overweight",29.3493881764751
17780,"obese",23.8796638882834
17780,"extremeobesity",4.27326461653161
17780,"Gen_Hlth_bad",8.29409224914581
17780,"Uninsured",14.1808146689528
17780,"BP_High",26.3385019332068
17780,"Chol_High",22.9802551538177
17780,"HD_yes",1.63538356715829
17780,"cancer_yes",7.73801548618256
17780,"KD_yes",1.67149734639467
17780,"Diabetes_yes",7.82443863823188
17780,"Smoke_yes",83.1326557537933
17780,"age_30minus",39.5557206380265
17780,"age_30_40",14.1394380227782
17780,"age_40_50",16.3556893222201
17780,"age_50_60",12.4933547717853
17780,"age_60_70",9.2884929590505
17780,"age_70plus",8.16730428613942
17820,"underweight",4.41340470655858
17820,"normalweight",40.5929840494591
17820,"overweight",31.5628784769652
17820,"obese",18.9269636824579
17820,"extremeobesity",4.5037690845592
17820,"Gen_Hlth_bad",14.4946000219696
17820,"Uninsured",8.52264564297547
17820,"BP_High",27.6057039994047
17820,"Chol_High",26.0825689216735
17820,"HD_yes",3.0867273827387
17820,"cancer_yes",7.24197138909919
17820,"KD_yes",2.10760091302717
17820,"Diabetes_yes",8.66149436077698
17820,"Smoke_yes",77.1725450213997
17820,"age_30minus",22.7158994212098
17820,"age_30_40",20.0600933762979
17820,"age_40_50",15.4121284111122
17820,"age_50_60",16.4258064534101
17820,"age_60_70",14.6678853826437
17820,"age_70plus",10.7181869553263
17900,"underweight",1.21660375483414
17900,"normalweight",28.718446184712
17900,"overweight",32.1234058845398
17900,"obese",29.8905241136943
17900,"extremeobesity",8.05102006221969
17900,"Gen_Hlth_bad",17.6382754201731
17900,"Uninsured",12.2790542576309
17900,"BP_High",40.5286254586359
17900,"Chol_High",29.3108189345983
17900,"HD_yes",3.78526311552703
17900,"cancer_yes",6.67206024434194
17900,"KD_yes",2.35314428187651
17900,"Diabetes_yes",14.2976391191003
17900,"Smoke_yes",80.4575928023963
17900,"age_30minus",23.8380068379886
17900,"age_30_40",16.2061047524432
17900,"age_40_50",16.9489940634171
17900,"age_50_60",16.666355162811
17900,"age_60_70",14.412888088215
17900,"age_70plus",11.9276510951251
18140,"underweight",2.7217724708183
18140,"normalweight",34.7843324866146
18140,"overweight",35.3556373794269
18140,"obese",18.8353470065787
18140,"extremeobesity",8.3029106565615
18140,"Gen_Hlth_bad",16.8202834727809
18140,"Uninsured",7.7759400164523
18140,"BP_High",34.7805194627811
18140,"Chol_High",25.4600589513149
18140,"HD_yes",3.09571680683277
18140,"cancer_yes",6.43640259411039
18140,"KD_yes",2.29018238903836
18140,"Diabetes_yes",11.7133499397177
18140,"Smoke_yes",76.1872533380443
18140,"age_30minus",20.6126518053074
18140,"age_30_40",19.9512644288288
18140,"age_40_50",16.9627628491279
18140,"age_50_60",17.1580811689843
18140,"age_60_70",13.5485262423555
18140,"age_70plus",11.7667135053961
18580,"underweight",7.10057896739627
18580,"normalweight",30.3713525810992
18580,"overweight",28.6866564953131
18580,"obese",31.5517752208103
18580,"extremeobesity",2.28963673538108
18580,"Gen_Hlth_bad",26.7017311825338
18580,"Uninsured",21.8200024754583
18580,"BP_High",38.0679777345798
18580,"Chol_High",38.8687159031503
18580,"HD_yes",4.0782094488618
18580,"cancer_yes",6.27737373926715
18580,"KD_yes",2.51753278592941
18580,"Diabetes_yes",16.9558694157066
18580,"Smoke_yes",78.3386084969073
18580,"age_30minus",20.5936267829553
18580,"age_30_40",16.5454756886506
18580,"age_40_50",19.1081528358032
18580,"age_50_60",14.4203196163831
18580,"age_60_70",15.8445785180333
18580,"age_70plus",13.4878465581745
18880,"underweight",2.75346525066952
18880,"normalweight",40.3795841460463
18880,"overweight",47.0462187378779
18880,"obese",5.83545770588267
18880,"extremeobesity",3.98527415952367
18880,"Gen_Hlth_bad",16.7120231544049
18880,"Uninsured",16.7417076262618
18880,"BP_High",38.2464683630941
18880,"Chol_High",24.048779957861
18880,"HD_yes",4.43130414712196
18880,"cancer_yes",8.02089129682438
18880,"KD_yes",4.79788961745534
18880,"Diabetes_yes",18.1508667920454
18880,"Smoke_yes",71.7398400656431
18880,"age_30minus",17.5148529348211
18880,"age_30_40",20.0227457114452
18880,"age_40_50",13.6727733094457
18880,"age_50_60",18.6050536133638
18880,"age_60_70",14.9042921424914
18880,"age_70plus",15.2802822884328
19124,"underweight",2.3027022908744
19124,"normalweight",34.2898914717274
19124,"overweight",40.4134786837752
19124,"obese",17.999195051895
19124,"extremeobesity",4.994732501728
19124,"Gen_Hlth_bad",16.137947587516
19124,"Uninsured",16.8963976912075
19124,"BP_High",32.3775551621994
19124,"Chol_High",26.9455909418762
19124,"HD_yes",1.78879781244832
19124,"cancer_yes",3.89862654595463
19124,"KD_yes",3.37876383504431
19124,"Diabetes_yes",13.2055020418655
19124,"Smoke_yes",83.3791657218789
19124,"age_30minus",22.0014893020202
19124,"age_30_40",20.496420948836
19124,"age_40_50",20.8555765013399
19124,"age_50_60",15.2408880041073
19124,"age_60_70",11.8205637666923
19124,"age_70plus",9.58506147700428
19380,"underweight",0
19380,"normalweight",32.3628711344889
19380,"overweight",32.8741618974793
19380,"obese",25.4728279507111
19380,"extremeobesity",9.29013901732071
19380,"Gen_Hlth_bad",19.8904288940936
19380,"Uninsured",6.14420948919283
19380,"BP_High",32.0746701485874
19380,"Chol_High",28.3778732792712
19380,"HD_yes",5.11132825834416
19380,"cancer_yes",7.7495287259973
19380,"KD_yes",3.0476531364852
19380,"Diabetes_yes",15.0509173423454
19380,"Smoke_yes",78.8955413933888
19380,"age_30minus",22.0958884019404
19380,"age_30_40",16.8801776739003
19380,"age_40_50",11.5442994287445
19380,"age_50_60",18.4893961127007
19380,"age_60_70",14.5325084591557
19380,"age_70plus",16.4577299235584
19660,"underweight",7.1329467856253
19660,"normalweight",27.6790074689721
19660,"overweight",37.421064981404
19660,"obese",23.5460125338215
19660,"extremeobesity",4.22096823017712
19660,"Gen_Hlth_bad",20.6704518772444
19660,"Uninsured",16.7554638981502
19660,"BP_High",42.822397483106
19660,"Chol_High",37.8115068135662
19660,"HD_yes",5.17273620932752
19660,"cancer_yes",11.3930813505361
19660,"KD_yes",4.78647865724069
19660,"Diabetes_yes",18.4722434576892
19660,"Smoke_yes",77.439079140082
19660,"age_30minus",16.0694296961787
19660,"age_30_40",13.1990918212365
19660,"age_40_50",12.8830084360628
19660,"age_50_60",18.127372580596
19660,"age_60_70",16.2386694834134
19660,"age_70plus",23.4824279825126
19740,"underweight",2.28505964205746
19740,"normalweight",44.0412093944538
19740,"overweight",33.424309567273
19740,"obese",17.0266397111777
19740,"extremeobesity",3.22278168503809
19740,"Gen_Hlth_bad",13.4565047059465
19740,"Uninsured",11.0171019393924
19740,"BP_High",26.4678399134042
19740,"Chol_High",26.2395692556918
19740,"HD_yes",2.40395088230335
19740,"cancer_yes",5.76707230312385
19740,"KD_yes",2.16335741548609
19740,"Diabetes_yes",10.8517817319451
19740,"Smoke_yes",78.4898257105213
19740,"age_30minus",20.4476503390815
19740,"age_30_40",19.6814357292449
19740,"age_40_50",17.7243228590313
19740,"age_50_60",16.8234849861168
19740,"age_60_70",14.554887745075
19740,"age_70plus",10.7682183414506
19780,"underweight",2.84688023267175
19780,"normalweight",34.882672798378
19780,"overweight",35.0759927895075
19780,"obese",20.374861874875
19780,"extremeobesity",6.81959230456764
19780,"Gen_Hlth_bad",13.719770686875
19780,"Uninsured",7.71094436321387
19780,"BP_High",31.7557150358607
19780,"Chol_High",27.8110674483027
19780,"HD_yes",2.85166016080831
19780,"cancer_yes",5.02802598057857
19780,"KD_yes",1.85023148656338
19780,"Diabetes_yes",9.82034318333957
19780,"Smoke_yes",82.582130872645
19780,"age_30minus",20.0935577013156
19780,"age_30_40",20.6583434008092
19780,"age_40_50",17.2776625273394
19780,"age_50_60",15.7059233168401
19780,"age_60_70",13.9887970624953
19780,"age_70plus",12.2757159912003
20260,"underweight",1.27343960687408
20260,"normalweight",31.1215736833147
20260,"overweight",45.0752415836851
20260,"obese",21.4034387542245
20260,"extremeobesity",1.12630637190163
20260,"Gen_Hlth_bad",13.3259545232165
20260,"Uninsured",9.53103574417776
20260,"BP_High",31.0992076764389
20260,"Chol_High",25.3022080765996
20260,"HD_yes",4.33673884413808
20260,"cancer_yes",7.9952361947837
20260,"KD_yes",3.79263492775163
20260,"Diabetes_yes",9.7275834953944
20260,"Smoke_yes",74.4516514481522
20260,"age_30minus",20.0860581289349
20260,"age_30_40",15.528841357714
20260,"age_40_50",13.5827622191306
20260,"age_50_60",16.9013258358801
20260,"age_60_70",19.5379945218618
20260,"age_70plus",14.3630179364785
21340,"underweight",2.55044170815407
21340,"normalweight",31.5406336147779
21340,"overweight",44.61931596711
21340,"obese",16.0202365569102
21340,"extremeobesity",5.26937215304788
21340,"Gen_Hlth_bad",25.395654624109
21340,"Uninsured",29.5168742162282
21340,"BP_High",28.7884434658387
21340,"Chol_High",20.8318597540439
21340,"HD_yes",2.62247577268091
21340,"cancer_yes",2.44660982016386
21340,"KD_yes",1.83243560416365
21340,"Diabetes_yes",17.0226320692347
21340,"Smoke_yes",83.7763239250308
21340,"age_30minus",26.5096670878921
21340,"age_30_40",15.8701975001502
21340,"age_40_50",17.3708965313913
21340,"age_50_60",16.3223561894449
21340,"age_60_70",11.9128540259314
21340,"age_70plus",12.0140286651901
21780,"underweight",2.01077515867848
21780,"normalweight",44.4047487343758
21780,"overweight",28.301190810424
21780,"obese",12.0263428252142
21780,"extremeobesity",13.2569424713075
21780,"Gen_Hlth_bad",22.0224649568358
21780,"Uninsured",8.2361898025757
21780,"BP_High",36.7561509253077
21780,"Chol_High",31.2721810953903
21780,"HD_yes",3.82020738546831
21780,"cancer_yes",6.97377214485686
21780,"KD_yes",2.95936240272595
21780,"Diabetes_yes",14.8637874951393
21780,"Smoke_yes",74.2663263702134
21780,"age_30minus",18.3477723064291
21780,"age_30_40",17.3386352815389
21780,"age_40_50",16.492180480826
21780,"age_50_60",15.016105577762
21780,"age_60_70",17.8998144156916
21780,"age_70plus",14.9054919377524
22020,"underweight",0.956781038328532
22020,"normalweight",39.7402442371666
22020,"overweight",32.3235975135506
22020,"obese",21.9857722824268
22020,"extremeobesity",4.99360492852745
22020,"Gen_Hlth_bad",13.8983405783461
22020,"Uninsured",8.17123384628767
22020,"BP_High",27.9222768998684
22020,"Chol_High",24.4622595548145
22020,"HD_yes",3.16222384171869
22020,"cancer_yes",5.70546059011565
22020,"KD_yes",2.38537070108911
22020,"Diabetes_yes",8.5986150843955
22020,"Smoke_yes",80.8802566015827
22020,"age_30minus",29.1337764521162
22020,"age_30_40",19.2388599956547
22020,"age_40_50",13.4975585031112
22020,"age_50_60",13.5972359214924
22020,"age_60_70",14.2241585879201
22020,"age_70plus",10.3084105397054
22220,"underweight",0.277310116606186
22220,"normalweight",47.6603763025514
22220,"overweight",28.5476730459134
22220,"obese",17.3307998883091
22220,"extremeobesity",6.1838406466199
22220,"Gen_Hlth_bad",15.3826312068186
22220,"Uninsured",10.0636244869354
22220,"BP_High",32.7076315779224
22220,"Chol_High",23.3055021936089
22220,"HD_yes",5.01388806448107
22220,"cancer_yes",4.29238010646553
22220,"KD_yes",1.9495003040398
22220,"Diabetes_yes",9.33768387102262
22220,"Smoke_yes",78.5284874244015
22220,"age_30minus",23.752048801971
22220,"age_30_40",17.2099332466653
22220,"age_40_50",15.9850454440314
22220,"age_50_60",17.0008140238161
22220,"age_60_70",14.452505097576
22220,"age_70plus",11.5996533859402
22500,"underweight",0
22500,"normalweight",39.0595084396337
22500,"overweight",20.8503887297074
22500,"obese",33.3123431085807
22500,"extremeobesity",6.77775972207825
22500,"Gen_Hlth_bad",22.9749336035157
22500,"Uninsured",15.4075440338259
22500,"BP_High",47.4412445127119
22500,"Chol_High",38.7081169047144
22500,"HD_yes",7.00402997705348
22500,"cancer_yes",7.48217911758816
22500,"KD_yes",5.43430143568287
22500,"Diabetes_yes",20.0313302050316
22500,"Smoke_yes",75.324006377542
22500,"age_30minus",19.0488210582873
22500,"age_30_40",16.014086058947
22500,"age_40_50",17.0152473523237
22500,"age_50_60",16.9501616154482
22500,"age_60_70",17.0125687418039
22500,"age_70plus",13.9591151731898
23060,"underweight",2.89687596498907
23060,"normalweight",44.0270860681236
23060,"overweight",22.3724722917015
23060,"obese",24.3152157103464
23060,"extremeobesity",6.3883499648394
23060,"Gen_Hlth_bad",21.6877787416026
23060,"Uninsured",11.3306984660009
23060,"BP_High",36.6290398871853
23060,"Chol_High",27.4758442000303
23060,"HD_yes",5.74706465026963
23060,"cancer_yes",6.44237899487786
23060,"KD_yes",2.24395703750687
23060,"Diabetes_yes",12.7614191395484
23060,"Smoke_yes",74.9483836025319
23060,"age_30minus",19.6799709902242
23060,"age_30_40",17.7782547341512
23060,"age_40_50",17.2933861730695
23060,"age_50_60",16.1642374004369
23060,"age_60_70",16.0592918510855
23060,"age_70plus",13.0248588510328
23104,"underweight",0.879522651970943
23104,"normalweight",37.2104326308978
23104,"overweight",34.7522992974595
23104,"obese",21.3367672977807
23104,"extremeobesity",5.82097812189105
23104,"Gen_Hlth_bad",22.2854678362795
23104,"Uninsured",19.3024268023041
23104,"BP_High",35.1268046215585
23104,"Chol_High",29.834640013326
23104,"HD_yes",4.258747699475
23104,"cancer_yes",4.28719788584598
23104,"KD_yes",3.30040484148154
23104,"Diabetes_yes",12.8083347530381
23104,"Smoke_yes",81.4123411159603
23104,"age_30minus",22.3235461133671
23104,"age_30_40",18.3577248826408
23104,"age_40_50",16.7958523499878
23104,"age_50_60",17.6974324663644
23104,"age_60_70",13.8416811174333
23104,"age_70plus",10.9837630702066
23540,"underweight",6.90002193069218
23540,"normalweight",37.9486303257579
23540,"overweight",40.5484868566393
23540,"obese",6.00827012336931
23540,"extremeobesity",8.59459076354126
23540,"Gen_Hlth_bad",11.8047908673063
23540,"Uninsured",15.2102808666316
23540,"BP_High",32.1818674557924
23540,"Chol_High",26.838405952267
23540,"HD_yes",3.93447974521809
23540,"cancer_yes",3.90217233571582
23540,"KD_yes",3.1214624819332
23540,"Diabetes_yes",13.0527236075442
23540,"Smoke_yes",81.8211576356567
23540,"age_30minus",39.0577865157222
23540,"age_30_40",10.1941944636111
23540,"age_40_50",14.4264916910118
23540,"age_50_60",12.8414937572623
23540,"age_60_70",12.0073669604901
23540,"age_70plus",11.4726666119024
24220,"underweight",2.69473673798611
24220,"normalweight",49.5379198312509
24220,"overweight",20.7752814556207
24220,"obese",23.0311905741221
24220,"extremeobesity",3.96087140102019
24220,"Gen_Hlth_bad",16.4382753109993
24220,"Uninsured",5.88484324708546
24220,"BP_High",29.2795325425742
24220,"Chol_High",24.0234661655656
24220,"HD_yes",5.81932654265955
24220,"cancer_yes",7.7128741970929
24220,"KD_yes",3.8587894220305
24220,"Diabetes_yes",9.50540394043423
24220,"Smoke_yes",82.9068879372301
24220,"age_30minus",32.2471725242124
24220,"age_30_40",14.9226970075498
24220,"age_40_50",11.7590462701766
24220,"age_50_60",15.2238068385531
24220,"age_60_70",13.8320550931798
24220,"age_70plus",12.0152222663283
24260,"underweight",0
24260,"normalweight",34.799489664212
24260,"overweight",38.9450222292684
24260,"obese",23.7044642655728
24260,"extremeobesity",2.55102384094682
24260,"Gen_Hlth_bad",20.2066420288148
24260,"Uninsured",15.7207283569812
24260,"BP_High",35.8481742148899
24260,"Chol_High",25.4611043588175
24260,"HD_yes",4.96175826117167
24260,"cancer_yes",7.64326018931507
24260,"KD_yes",3.41561565944275
24260,"Diabetes_yes",13.646292903826
24260,"Smoke_yes",80.7830410742437
24260,"age_30minus",18.7961937724937
24260,"age_30_40",18.827549510829
24260,"age_40_50",13.4889079150562
24260,"age_50_60",18.4601163161765
24260,"age_60_70",14.9880206854721
24260,"age_70plus",15.4392117999725
24340,"underweight",1.41377069715822
24340,"normalweight",41.0168174804731
24340,"overweight",28.9399127168998
24340,"obese",22.6047253212193
24340,"extremeobesity",6.02477378424956
24340,"Gen_Hlth_bad",14.0134346500582
24340,"Uninsured",8.01037954010995
24340,"BP_High",34.075868886483
24340,"Chol_High",27.2662859060965
24340,"HD_yes",2.67605723165567
24340,"cancer_yes",5.51420846559879
24340,"KD_yes",3.14481471394786
24340,"Diabetes_yes",12.9749443246683
24340,"Smoke_yes",82.3201719673124
24340,"age_30minus",21.2012234328915
24340,"age_30_40",20.3614672432974
24340,"age_40_50",15.4372284017525
24340,"age_50_60",14.7950314599101
24340,"age_60_70",15.4029176494027
24340,"age_70plus",12.8021318127456
24860,"underweight",3.7691543079759
24860,"normalweight",34.2787589578755
24860,"overweight",29.7703956652602
24860,"obese",25.747595973516
24860,"extremeobesity",6.43409509537239
24860,"Gen_Hlth_bad",19.1254750350997
24860,"Uninsured",14.8588734250826
24860,"BP_High",38.6685361809972
24860,"Chol_High",30.5829237165799
24860,"HD_yes",5.17090181149016
24860,"cancer_yes",6.85199602828863
24860,"KD_yes",3.8895781952204
24860,"Diabetes_yes",14.3429071243746
24860,"Smoke_yes",79.5650553219908
24860,"age_30minus",21.3478519889717
24860,"age_30_40",16.2956878488474
24860,"age_40_50",15.4499899226263
24860,"age_50_60",17.3952976509239
24860,"age_60_70",15.0786424636134
24860,"age_70plus",14.4325301250173
25180,"underweight",1.65166886070894
25180,"normalweight",37.4402619935662
25180,"overweight",37.8237672777194
25180,"obese",20.0086279559841
25180,"extremeobesity",3.07567391202132
25180,"Gen_Hlth_bad",19.5021188469937
25180,"Uninsured",8.82527129588271
25180,"BP_High",40.2710997256224
25180,"Chol_High",34.2427224228543
25180,"HD_yes",4.67635528081547
25180,"cancer_yes",8.37329342675064
25180,"KD_yes",2.06745948636305
25180,"Diabetes_yes",16.6600163096387
25180,"Smoke_yes",76.1799634232605
25180,"age_30minus",17.5752440479455
25180,"age_30_40",18.3783071758156
25180,"age_40_50",16.0976948973229
25180,"age_50_60",19.0190288280874
25180,"age_60_70",15.4325240103803
25180,"age_70plus",13.4972010404483
25540,"underweight",3.21688344309843
25540,"normalweight",39.0713447367042
25540,"overweight",39.4523341681408
25540,"obese",14.3760695853896
25540,"extremeobesity",3.88336806666691
25540,"Gen_Hlth_bad",14.8495782971418
25540,"Uninsured",7.12749930931858
25540,"BP_High",32.5235997200132
25540,"Chol_High",29.0804717881327
25540,"HD_yes",3.37805297789598
25540,"cancer_yes",6.72481158336622
25540,"KD_yes",2.3758648551917
25540,"Diabetes_yes",11.9042020401217
25540,"Smoke_yes",84.2574355049626
25540,"age_30minus",18.9990938775955
25540,"age_30_40",16.1696204463002
25540,"age_40_50",15.6670149101082
25540,"age_50_60",18.980174657407
25540,"age_60_70",15.4209101570344
25540,"age_70plus",14.7631859515548
25940,"underweight",0
25940,"normalweight",54.4451591722223
25940,"overweight",24.5787283111863
25940,"obese",14.5740801633062
25940,"extremeobesity",6.4020323532852
25940,"Gen_Hlth_bad",13.7707528890763
25940,"Uninsured",13.6142930942641
25940,"BP_High",35.0938889031591
25940,"Chol_High",31.4139860178264
25940,"HD_yes",4.06562216186151
25940,"cancer_yes",9.19018333186947
25940,"KD_yes",3.36423944934893
25940,"Diabetes_yes",12.7219948181176
25940,"Smoke_yes",84.1076385372727
25940,"age_30minus",21.4317753006257
25940,"age_30_40",12.8520478696572
25940,"age_40_50",12.3144479177544
25940,"age_50_60",12.8943401320902
25940,"age_60_70",18.8215483190182
25940,"age_70plus",21.6858404608543
26420,"underweight",3.84707764496402
26420,"normalweight",25.2257878320135
26420,"overweight",40.6522333291356
26420,"obese",21.148665426882
26420,"extremeobesity",9.12623576700488
26420,"Gen_Hlth_bad",20.8694053118401
26420,"Uninsured",28.9270565535188
26420,"BP_High",33.1013813208978
26420,"Chol_High",31.1985217413884
26420,"HD_yes",3.45580555168752
26420,"cancer_yes",4.85230220396067
26420,"KD_yes",2.45366891632172
26420,"Diabetes_yes",12.9054697239809
26420,"Smoke_yes",78.611275034656
26420,"age_30minus",20.1594573704043
26420,"age_30_40",22.2241118864218
26420,"age_40_50",18.2494615596901
26420,"age_50_60",16.4396857344517
26420,"age_60_70",13.2407426328044
26420,"age_70plus",9.68654081622782
26580,"underweight",2.24328658949766
26580,"normalweight",32.855972474098
26580,"overweight",31.5434021782764
26580,"obese",19.9538673227613
26580,"extremeobesity",13.4034714353667
26580,"Gen_Hlth_bad",29.4872830636708
26580,"Uninsured",6.68927603219305
26580,"BP_High",46.0777244545936
26580,"Chol_High",32.6346806271691
26580,"HD_yes",7.66550807832381
26580,"cancer_yes",8.94249456774602
26580,"KD_yes",4.26351907189022
26580,"Diabetes_yes",16.4916963438668
26580,"Smoke_yes",73.8795428055852
26580,"age_30minus",18.3462741318345
26580,"age_30_40",16.5702275190209
26580,"age_40_50",15.7805274246368
26580,"age_50_60",15.914985422642
26580,"age_60_70",16.7195465345043
26580,"age_70plus",16.6684389673615
26900,"underweight",3.78708506859282
26900,"normalweight",39.237940284106
26900,"overweight",29.8275283479713
26900,"obese",19.904525960264
26900,"extremeobesity",7.24292033906578
26900,"Gen_Hlth_bad",18.051603661064
26900,"Uninsured",9.72443581056466
26900,"BP_High",36.7928402968407
26900,"Chol_High",28.5427463722341
26900,"HD_yes",4.15466859835048
26900,"cancer_yes",6.83845251229024
26900,"KD_yes",3.43842921080456
26900,"Diabetes_yes",13.8552963078627
26900,"Smoke_yes",76.3531341560563
26900,"age_30minus",20.8846574821104
26900,"age_30_40",18.216191819921
26900,"age_40_50",16.590862696735
26900,"age_50_60",17.2674859272729
26900,"age_60_70",15.1564142166152
26900,"age_70plus",11.8843878573454
27140,"underweight",4.71046372619914
27140,"normalweight",31.4732402390168
27140,"overweight",27.5792467172966
27140,"obese",27.1975899192474
27140,"extremeobesity",9.03945939824015
27140,"Gen_Hlth_bad",16.8536956671742
27140,"Uninsured",17.6039090620485
27140,"BP_High",40.8324982177562
27140,"Chol_High",32.8518977054367
27140,"HD_yes",4.44631704107796
27140,"cancer_yes",6.89497543696525
27140,"KD_yes",4.00201894076109
27140,"Diabetes_yes",15.6412148252702
27140,"Smoke_yes",81.3160542775378
27140,"age_30minus",19.8090895517297
27140,"age_30_40",20.4151859712149
27140,"age_40_50",15.5165272703748
27140,"age_50_60",16.8058212330028
27140,"age_60_70",14.760838205479
27140,"age_70plus",12.6925377681989
27260,"underweight",5.54071945781799
27260,"normalweight",35.2229733105598
27260,"overweight",28.0866828328087
27260,"obese",21.0656395622088
27260,"extremeobesity",10.0839848366047
27260,"Gen_Hlth_bad",21.9152318942578
27260,"Uninsured",11.5470066491637
27260,"BP_High",36.6268447920863
27260,"Chol_High",29.5116897107338
27260,"HD_yes",5.44554780680863
27260,"cancer_yes",7.35836446762982
27260,"KD_yes",3.51006549050621
27260,"Diabetes_yes",15.6146567980872
27260,"Smoke_yes",76.7437118763286
27260,"age_30minus",19.6208731524375
27260,"age_30_40",19.7075001542411
27260,"age_40_50",12.2036422409563
27260,"age_50_60",18.9646264256588
27260,"age_60_70",16.6287132903151
27260,"age_70plus",12.8746447363912
27980,"underweight",3.165636099624
27980,"normalweight",40.9125219513389
27980,"overweight",31.4173418324316
27980,"obese",19.9777873468262
27980,"extremeobesity",4.52671276977927
27980,"Gen_Hlth_bad",14.698229111329
27980,"Uninsured",7.79274802626725
27980,"BP_High",29.8241559696882
27980,"Chol_High",26.1371565715701
27980,"HD_yes",3.4270811599663
27980,"cancer_yes",7.28953077333866
27980,"KD_yes",3.59055861596069
27980,"Diabetes_yes",15.1185587271598
27980,"Smoke_yes",83.5108031028062
27980,"age_30minus",16.9207811639559
27980,"age_30_40",17.1134456781287
27980,"age_40_50",16.4995673101049
27980,"age_50_60",17.9458287356225
27980,"age_60_70",17.4301211003477
27980,"age_70plus",14.0902560118403
28140,"underweight",1.6760246292491
28140,"normalweight",38.4139216793416
28140,"overweight",31.8883005009668
28140,"obese",21.6772824316138
28140,"extremeobesity",6.34447075882868
28140,"Gen_Hlth_bad",14.1763367863608
28140,"Uninsured",12.4398783564517
28140,"BP_High",31.5782065561973
28140,"Chol_High",28.5442891353541
28140,"HD_yes",3.78604652084926
28140,"cancer_yes",6.35859672614039
28140,"KD_yes",2.47419330265498
28140,"Diabetes_yes",11.9260859875311
28140,"Smoke_yes",78.94539955151
28140,"age_30minus",19.3030971526107
28140,"age_30_40",19.6461807100136
28140,"age_40_50",14.9312314051035
28140,"age_50_60",18.6681198995226
28140,"age_60_70",14.8024234007286
28140,"age_70plus",12.648947432021
28700,"underweight",1.09479587591569
28700,"normalweight",35.4598137113214
28700,"overweight",31.8696911816707
28700,"obese",23.2982117388794
28700,"extremeobesity",8.27748749221281
28700,"Gen_Hlth_bad",28.0589498652473
28700,"Uninsured",16.2068974609335
28700,"BP_High",45.1713492743915
28700,"Chol_High",31.7555289035873
28700,"HD_yes",7.00120253473798
28700,"cancer_yes",9.40460351613645
28700,"KD_yes",4.67790521573632
28700,"Diabetes_yes",19.9924233982715
28700,"Smoke_yes",65.2670362851838
28700,"age_30minus",14.6664507635717
28700,"age_30_40",16.5964576545674
28700,"age_40_50",13.7138225824607
28700,"age_50_60",16.3967517504677
28700,"age_60_70",22.1313922367341
28700,"age_70plus",16.4951250121984
28940,"underweight",2.67123838249769
28940,"normalweight",32.7556098643943
28940,"overweight",31.8193432462524
28940,"obese",21.2036820501317
28940,"extremeobesity",11.5501264567239
28940,"Gen_Hlth_bad",20.1909508213571
28940,"Uninsured",12.242572035762
28940,"BP_High",35.86924679984
28940,"Chol_High",33.407465084045
28940,"HD_yes",5.01828114883019
28940,"cancer_yes",8.0035605495312
28940,"KD_yes",3.19741593601766
28940,"Diabetes_yes",14.0695384966863
28940,"Smoke_yes",68.9700751512589
28940,"age_30minus",20.8271601584736
28940,"age_30_40",16.2051204074749
28940,"age_40_50",13.2806107049277
28940,"age_50_60",16.1962509283095
28940,"age_60_70",17.541156683765
28940,"age_70plus",15.9497011170492
29620,"underweight",1.81948815556846
29620,"normalweight",41.0778637332935
29620,"overweight",31.1789212284521
29620,"obese",23.704479860779
29620,"extremeobesity",2.21924702190683
29620,"Gen_Hlth_bad",15.6058425855808
29620,"Uninsured",7.53247634797054
29620,"BP_High",34.8868796498373
29620,"Chol_High",25.2710049358048
29620,"HD_yes",5.61134205461001
29620,"cancer_yes",7.64061362847906
29620,"KD_yes",2.66446532770608
29620,"Diabetes_yes",11.3130281196221
29620,"Smoke_yes",77.1670773993485
29620,"age_30minus",26.105051481575
29620,"age_30_40",16.6136951275935
29620,"age_40_50",15.2846497524613
29620,"age_50_60",16.0303089115764
29620,"age_60_70",13.4354188073924
29620,"age_70plus",12.5308759194015
30460,"underweight",1.11324857875004
30460,"normalweight",46.2556242254795
30460,"overweight",30.9971801099803
30460,"obese",18.0414874463968
30460,"extremeobesity",3.59245963939329
30460,"Gen_Hlth_bad",15.5209171835556
30460,"Uninsured",6.01840388300669
30460,"BP_High",37.249312836428
30460,"Chol_High",26.1470756806643
30460,"HD_yes",4.37684724273971
30460,"cancer_yes",8.22826550996511
30460,"KD_yes",3.24314879153831
30460,"Diabetes_yes",14.2516779796632
30460,"Smoke_yes",78.7453485874362
30460,"age_30minus",23.8737386928252
30460,"age_30_40",16.6298804162989
30460,"age_40_50",15.3091861012563
30460,"age_50_60",19.4860359178222
30460,"age_60_70",11.5883944198689
30460,"age_70plus",13.1127644519286
30700,"underweight",4.00517816485929
30700,"normalweight",37.5307126926841
30700,"overweight",31.7892368986794
30700,"obese",20.3439226368272
30700,"extremeobesity",6.33094960695004
30700,"Gen_Hlth_bad",13.0894209224872
30700,"Uninsured",10.1630945413419
30700,"BP_High",27.905854245028
30700,"Chol_High",24.5482681256141
30700,"HD_yes",3.48658827396266
30700,"cancer_yes",6.42894321431246
30700,"KD_yes",2.87863100077787
30700,"Diabetes_yes",9.84424320763191
30700,"Smoke_yes",84.9156549174383
30700,"age_30minus",27.4964864202441
30700,"age_30_40",18.1686575536428
30700,"age_40_50",14.3092976389344
30700,"age_50_60",15.0698877733526
30700,"age_60_70",13.6271999207892
30700,"age_70plus",11.3284706930368
30780,"underweight",0
30780,"normalweight",28.2860660511045
30780,"overweight",32.1892840804825
30780,"obese",25.9190099481761
30780,"extremeobesity",13.6056399202369
30780,"Gen_Hlth_bad",23.2507114137429
30780,"Uninsured",11.6555672285167
30780,"BP_High",42.3330172375388
30780,"Chol_High",30.8855881078877
30780,"HD_yes",5.22006442039138
30780,"cancer_yes",8.22750280932379
30780,"KD_yes",4.01668307852363
30780,"Diabetes_yes",12.5553420503725
30780,"Smoke_yes",72.3614801468322
30780,"age_30minus",21.4570433264272
30780,"age_30_40",19.8273909927265
30780,"age_40_50",15.0812161735604
30780,"age_50_60",15.047211558483
30780,"age_60_70",15.7268918571585
30780,"age_70plus",12.8602460916444
31080,"underweight",4.64878749905763
31080,"normalweight",38.6596348995105
31080,"overweight",34.0509878866325
31080,"obese",20.123830517366
31080,"extremeobesity",2.51675919743331
31080,"Gen_Hlth_bad",17.7780828283262
31080,"Uninsured",11.2291829033791
31080,"BP_High",27.6140578176038
31080,"Chol_High",27.5754480848505
31080,"HD_yes",2.63929289139807
31080,"cancer_yes",4.99295310647306
31080,"KD_yes",3.17180571896234
31080,"Diabetes_yes",15.483437598195
31080,"Smoke_yes",81.3377571291833
31080,"age_30minus",22.3946981636383
31080,"age_30_40",17.7387193468608
31080,"age_40_50",18.3945139728792
31080,"age_50_60",17.0213021792643
31080,"age_60_70",12.8364861435589
31080,"age_70plus",11.6142801937986
31140,"underweight",0.99419288525505
31140,"normalweight",32.5893099719709
31140,"overweight",44.4919472858757
31140,"obese",16.5233699926688
31140,"extremeobesity",5.40117986422954
31140,"Gen_Hlth_bad",22.3830306027099
31140,"Uninsured",8.56905075083176
31140,"BP_High",36.7492077094078
31140,"Chol_High",31.5421694051841
31140,"HD_yes",5.36929035522978
31140,"cancer_yes",7.90798423878768
31140,"KD_yes",4.08406878851387
31140,"Diabetes_yes",15.6222112648274
31140,"Smoke_yes",74.3167220134099
31140,"age_30minus",18.614371730433
31140,"age_30_40",16.9906338451604
31140,"age_40_50",18.1840167816474
31140,"age_50_60",18.0058196214276
31140,"age_60_70",14.8217791321576
31140,"age_70plus",13.383378889174
31740,"underweight",4.14568483567403
31740,"normalweight",41.6231430560405
31740,"overweight",29.1802333102987
31740,"obese",22.7800727000335
31740,"extremeobesity",2.27086609795324
31740,"Gen_Hlth_bad",11.5421719945109
31740,"Uninsured",8.16227508905018
31740,"BP_High",25.7566318163846
31740,"Chol_High",15.6009873749842
31740,"HD_yes",2.72533585720158
31740,"cancer_yes",4.85125972090917
31740,"KD_yes",1.73262760582135
31740,"Diabetes_yes",7.74058574990609
31740,"Smoke_yes",83.6405129961112
31740,"age_30minus",43.8796322968516
31740,"age_30_40",16.9977449378486
31740,"age_40_50",9.83885765737536
31740,"age_50_60",10.5475659597379
31740,"age_60_70",10.333334604701
31740,"age_70plus",8.40286454348567
32820,"underweight",1.87800532000196
32820,"normalweight",23.985397392022
32820,"overweight",38.0158969461657
32820,"obese",27.3948595016973
32820,"extremeobesity",8.72584084011303
32820,"Gen_Hlth_bad",19.1581353511289
32820,"Uninsured",16.8732734865438
32820,"BP_High",39.6794347103092
32820,"Chol_High",27.6016505974411
32820,"HD_yes",2.84469548670919
32820,"cancer_yes",5.83023883106577
32820,"KD_yes",2.66363441442055
32820,"Diabetes_yes",13.7431060722514
32820,"Smoke_yes",74.856887735252
32820,"age_30minus",22.0322046225482
32820,"age_30_40",17.7482463696659
32820,"age_40_50",15.6389645612428
32820,"age_50_60",16.3530649835888
32820,"age_60_70",16.9719665573002
32820,"age_70plus",11.2555529056541
33100,"underweight",2.19544437908193
33100,"normalweight",40.1694484931529
33100,"overweight",38.1081809476039
33100,"obese",16.2076190520757
33100,"extremeobesity",3.31930712808561
33100,"Gen_Hlth_bad",16.564402445082
33100,"Uninsured",14.6299726775191
33100,"BP_High",30.898993513835
33100,"Chol_High",31.5909877985019
33100,"HD_yes",3.66247641253854
33100,"cancer_yes",5.88539589315066
33100,"KD_yes",2.13123537717994
33100,"Diabetes_yes",12.0435198735915
33100,"Smoke_yes",82.0502221189411
33100,"age_30minus",18.0781735785422
33100,"age_30_40",16.7548546817798
33100,"age_40_50",15.219773111359
33100,"age_50_60",19.6135408738337
33100,"age_60_70",13.4190636647711
33100,"age_70plus",16.9145940897143
33340,"underweight",0.389077823013134
33340,"normalweight",38.890253522126
33340,"overweight",34.7621108335047
33340,"obese",18.3266936810829
33340,"extremeobesity",7.63186414027319
33340,"Gen_Hlth_bad",18.9828014641572
33340,"Uninsured",7.20318383287559
33340,"BP_High",32.513250602186
33340,"Chol_High",30.5173891868007
33340,"HD_yes",3.62471762944937
33340,"cancer_yes",6.98635226427432
33340,"KD_yes",3.46121219389556
33340,"Diabetes_yes",12.2669948516676
33340,"Smoke_yes",80.7808744620246
33340,"age_30minus",20.038138733368
33340,"age_30_40",18.9262265002994
33340,"age_40_50",15.7696912129438
33340,"age_50_60",17.9713799989283
33340,"age_60_70",13.8359295889131
33340,"age_70plus",13.4586339655473
33460,"underweight",2.75055736697349
33460,"normalweight",41.4619659314441
33460,"overweight",35.2606241454011
33460,"obese",17.1422118906153
33460,"extremeobesity",3.384640665566
33460,"Gen_Hlth_bad",11.4798184469401
33460,"Uninsured",7.81568503690018
33460,"BP_High",26.0115964954182
33460,"Chol_High",23.9400998266845
33460,"HD_yes",3.01912041227113
33460,"cancer_yes",6.33411820499072
33460,"KD_yes",2.49824874693958
33460,"Diabetes_yes",9.06929583444028
33460,"Smoke_yes",82.9232394818123
33460,"age_30minus",19.7975675142934
33460,"age_30_40",19.4488344108316
33460,"age_40_50",16.0796417366845
33460,"age_50_60",18.0032355916852
33460,"age_60_70",14.9250307173684
33460,"age_70plus",11.7456900291369
33500,"underweight",4.5674448643794
33500,"normalweight",33.331878253302
33500,"overweight",34.8891881607262
33500,"obese",24.1681849340009
33500,"extremeobesity",3.04330378759142
33500,"Gen_Hlth_bad",14.5489225227531
33500,"Uninsured",12.1658016039082
33500,"BP_High",31.56925382721
33500,"Chol_High",24.8380325086688
33500,"HD_yes",3.34650915867993
33500,"cancer_yes",6.04409111784206
33500,"KD_yes",2.80204352648478
33500,"Diabetes_yes",10.7891603516856
33500,"Smoke_yes",78.516820804152
33500,"age_30minus",25.6549560985324
33500,"age_30_40",22.6595848447126
33500,"age_40_50",12.6544652497732
33500,"age_50_60",13.8927147344246
33500,"age_60_70",14.0105736393644
33500,"age_70plus",11.1277054331928
33874,"underweight",1.43256638813191
33874,"normalweight",47.0674010938799
33874,"overweight",34.92045668679
33874,"obese",11.9101066557235
33874,"extremeobesity",4.66946917547467
33874,"Gen_Hlth_bad",11.8673573629594
33874,"Uninsured",5.38762961028992
33874,"BP_High",32.4274834804296
33874,"Chol_High",32.5459749730567
33874,"HD_yes",5.98347856083543
33874,"cancer_yes",8.84835765494948
33874,"KD_yes",1.93938302862643
33874,"Diabetes_yes",10.0563378140294
33874,"Smoke_yes",87.3129219233831
33874,"age_30minus",17.0629456651682
33874,"age_30_40",15.0759427735494
33874,"age_40_50",15.9129182189771
33874,"age_50_60",19.7051368687057
33874,"age_60_70",16.5162183765163
33874,"age_70plus",15.7268380970833
34820,"underweight",3.60756508970795
34820,"normalweight",29.6180384951444
34820,"overweight",35.7175568467183
34820,"obese",25.4400707521195
34820,"extremeobesity",5.6167688163098
34820,"Gen_Hlth_bad",22.0017690176038
34820,"Uninsured",15.7327011574504
34820,"BP_High",43.0727929489871
34820,"Chol_High",34.9029326865108
34820,"HD_yes",6.34928131703402
34820,"cancer_yes",9.72021137643899
34820,"KD_yes",4.71547852310989
34820,"Diabetes_yes",15.4381460160448
34820,"Smoke_yes",76.9164483802847
34820,"age_30minus",16.7738292192321
34820,"age_30_40",11.3160628101695
34820,"age_40_50",14.7945250435444
34820,"age_50_60",16.3681923854844
34820,"age_60_70",20.0861318598693
34820,"age_70plus",20.6612586817002
34980,"underweight",1.98201730863154
34980,"normalweight",40.3791061279819
34980,"overweight",35.5492878818608
34980,"obese",16.6881946884122
34980,"extremeobesity",5.40139399311361
34980,"Gen_Hlth_bad",14.3806030533737
34980,"Uninsured",11.7229294436526
34980,"BP_High",36.9310235057893
34980,"Chol_High",30.1984685841169
34980,"HD_yes",3.72211532600953
34980,"cancer_yes",7.43815419085507
34980,"KD_yes",4.017749775939
34980,"Diabetes_yes",13.7720228978328
34980,"Smoke_yes",79.0188316895305
34980,"age_30minus",21.1760285948584
34980,"age_30_40",19.5584577192929
34980,"age_40_50",17.2288952250225
34980,"age_50_60",15.951438966966
34980,"age_60_70",15.0815650456822
34980,"age_70plus",11.003614448178
35004,"underweight",2.14992828794614
35004,"normalweight",44.0319297174412
35004,"overweight",32.505812605256
35004,"obese",18.4822653086719
35004,"extremeobesity",2.83006408068473
35004,"Gen_Hlth_bad",11.8676583588669
35004,"Uninsured",7.03717838344834
35004,"BP_High",27.6965808255447
35004,"Chol_High",33.4918084947649
35004,"HD_yes",4.30656538108423
35004,"cancer_yes",5.89626887737918
35004,"KD_yes",1.50231420299967
35004,"Diabetes_yes",11.7253175236229
35004,"Smoke_yes",83.1178255722936
35004,"age_30minus",19.0178832580344
35004,"age_30_40",14.6645538392241
35004,"age_40_50",15.8950222875136
35004,"age_50_60",20.3070860691991
35004,"age_60_70",15.6145067824154
35004,"age_70plus",14.5009477636133
35084,"underweight",1.54865665436986
35084,"normalweight",42.7911753024497
35084,"overweight",39.4512584967548
35084,"obese",14.1258274739602
35084,"extremeobesity",2.08308207246548
35084,"Gen_Hlth_bad",16.5216234590065
35084,"Uninsured",11.560290181233
35084,"BP_High",32.895064741338
35084,"Chol_High",30.0710135684851
35084,"HD_yes",3.18966112199534
35084,"cancer_yes",7.25472304140534
35084,"KD_yes",2.94637862065713
35084,"Diabetes_yes",11.8338091571643
35084,"Smoke_yes",83.023874046875
35084,"age_30minus",19.0651027772413
35084,"age_30_40",15.8906941489205
35084,"age_40_50",16.4748357624079
35084,"age_50_60",20.6126948205885
35084,"age_60_70",14.2273005211628
35084,"age_70plus",13.729371969679
35380,"underweight",3.60897588386914
35380,"normalweight",31.5248539781235
35380,"overweight",36.3257814315557
35380,"obese",22.0819726793598
35380,"extremeobesity",6.45841602709189
35380,"Gen_Hlth_bad",21.0163949496409
35380,"Uninsured",10.110341350785
35380,"BP_High",40.5227700096232
35380,"Chol_High",34.3492967267728
35380,"HD_yes",4.3298615954983
35380,"cancer_yes",6.42022068797306
35380,"KD_yes",3.83380358962205
35380,"Diabetes_yes",17.0417939532808
35380,"Smoke_yes",72.0245985372638
35380,"age_30minus",20.0133105350412
35380,"age_30_40",18.7111885954257
35380,"age_40_50",13.6510729764851
35380,"age_50_60",18.2365999522673
35380,"age_60_70",16.8735100813548
35380,"age_70plus",12.514317859426
35614,"underweight",3.59487412688924
35614,"normalweight",43.9600309139225
35614,"overweight",33.6590267658938
35614,"obese",15.1253644957613
35614,"extremeobesity",3.66070369753313
35614,"Gen_Hlth_bad",18.2887734114591
35614,"Uninsured",11.8107779623904
35614,"BP_High",30.2005120622501
35614,"Chol_High",29.2593854926367
35614,"HD_yes",3.35983106771215
35614,"cancer_yes",5.39541127924191
35614,"KD_yes",2.52601225238296
35614,"Diabetes_yes",13.3623307879745
35614,"Smoke_yes",82.081308187957
35614,"age_30minus",21.0139283608848
35614,"age_30_40",18.6550543170439
35614,"age_40_50",16.6413002914722
35614,"age_50_60",16.7308028055175
35614,"age_60_70",13.8801071860879
35614,"age_70plus",13.0788070389937
35820,"underweight",0
35820,"normalweight",36.6216951446752
35820,"overweight",37.4499640827863
35820,"obese",18.5149045996453
35820,"extremeobesity",7.41343617289312
35820,"Gen_Hlth_bad",17.4958197471945
35820,"Uninsured",10.9173522576206
35820,"BP_High",33.4799349276567
35820,"Chol_High",30.8292360355097
35820,"HD_yes",4.33485982156843
35820,"cancer_yes",8.51944427537042
35820,"KD_yes",2.18210609997674
35820,"Diabetes_yes",13.0794503314025
35820,"Smoke_yes",77.6195733785832
35820,"age_30minus",14.4463724789331
35820,"age_30_40",17.6370190305853
35820,"age_40_50",16.0353528827244
35820,"age_50_60",16.4564183477853
35820,"age_60_70",18.3705889609064
35820,"age_70plus",17.0542482990654
35840,"underweight",1.6109956820042
35840,"normalweight",38.8018254613028
35840,"overweight",38.70429294744
35840,"obese",18.0512838227634
35840,"extremeobesity",2.83160208648958
35840,"Gen_Hlth_bad",14.074434154581
35840,"Uninsured",15.3013706125926
35840,"BP_High",37.696128386733
35840,"Chol_High",32.7415617482856
35840,"HD_yes",5.21977897621066
35840,"cancer_yes",8.14393036413018
35840,"KD_yes",2.97862051300886
35840,"Diabetes_yes",11.7909491633614
35840,"Smoke_yes",80.6138355874347
35840,"age_30minus",14.1110603014065
35840,"age_30_40",9.02508333543459
35840,"age_40_50",13.792110837534
35840,"age_50_60",15.8860611777654
35840,"age_60_70",19.1701753767109
35840,"age_70plus",28.0155089711485
36084,"underweight",3.0631048816811
36084,"normalweight",52.1810097436499
36084,"overweight",34.2800342466909
36084,"obese",9.50088011092368
36084,"extremeobesity",0.974971017054354
36084,"Gen_Hlth_bad",12.1198433642686
36084,"Uninsured",9.02215500002859
36084,"BP_High",27.2573276190739
36084,"Chol_High",20.4680873381996
36084,"HD_yes",2.27214569263356
36084,"cancer_yes",6.40267594347037
36084,"KD_yes",2.2450481606266
36084,"Diabetes_yes",12.6531756563076
36084,"Smoke_yes",83.9899320315491
36084,"age_30minus",20.6290347135365
36084,"age_30_40",21.157463395785
36084,"age_40_50",13.7029580036507
36084,"age_50_60",16.8336917911749
36084,"age_60_70",15.8521972202496
36084,"age_70plus",11.8246548756033
36260,"underweight",3.09990820975404
36260,"normalweight",40.6645336055914
36260,"overweight",32.6106555592597
36260,"obese",20.8213595423271
36260,"extremeobesity",2.80354308306785
36260,"Gen_Hlth_bad",13.9988952451398
36260,"Uninsured",10.7980006814263
36260,"BP_High",28.8516927437655
36260,"Chol_High",23.5007124858455
36260,"HD_yes",3.18342261895434
36260,"cancer_yes",5.12834684177047
36260,"KD_yes",2.9034862182467
36260,"Diabetes_yes",10.7893563488163
36260,"Smoke_yes",86.4815185751771
36260,"age_30minus",23.3398160844455
36260,"age_30_40",21.5118742677077
36260,"age_40_50",17.3534766187421
36260,"age_50_60",14.3973189644618
36260,"age_60_70",12.3217693955184
36260,"age_70plus",11.0757446691245
36420,"underweight",2.85905020034108
36420,"normalweight",32.8760731922595
36420,"overweight",32.8692432173028
36420,"obese",23.3417627322933
36420,"extremeobesity",8.05387065780333
36420,"Gen_Hlth_bad",19.1612015881908
36420,"Uninsured",15.6950105357519
36420,"BP_High",35.9173086560444
36420,"Chol_High",29.5690430679145
36420,"HD_yes",5.06722230250359
36420,"cancer_yes",7.00618411268103
36420,"KD_yes",4.1219457383299
36420,"Diabetes_yes",14.1494910363348
36420,"Smoke_yes",79.3868239922818
36420,"age_30minus",21.1085665074113
36420,"age_30_40",20.1687518922103
36420,"age_40_50",16.6851085515125
36420,"age_50_60",14.4296098665201
36420,"age_60_70",14.9497918976424
36420,"age_70plus",12.6581712847034
36540,"underweight",3.18637880643156
36540,"normalweight",32.7363104992435
36540,"overweight",34.7958718241097
36540,"obese",23.2451516075855
36540,"extremeobesity",6.03628726262978
36540,"Gen_Hlth_bad",14.2947433689296
36540,"Uninsured",11.2771718556059
36540,"BP_High",33.2312758000635
36540,"Chol_High",28.9070562929306
36540,"HD_yes",3.51450797069693
36540,"cancer_yes",5.69143090214327
36540,"KD_yes",2.4949439755674
36540,"Diabetes_yes",12.9113871994667
36540,"Smoke_yes",80.0012917414033
36540,"age_30minus",20.7722793847219
36540,"age_30_40",20.7069202367636
36540,"age_40_50",14.7250624166799
36540,"age_50_60",16.8625838295231
36540,"age_60_70",14.7892510881999
36540,"age_70plus",12.1439030441116
36740,"underweight",4.23816019696866
36740,"normalweight",34.8770328616535
36740,"overweight",40.5514911430082
36740,"obese",15.6850772167619
36740,"extremeobesity",4.64823858160765
36740,"Gen_Hlth_bad",19.331751743755
36740,"Uninsured",17.4266586795299
36740,"BP_High",33.7210157269261
36740,"Chol_High",30.6601305781849
36740,"HD_yes",3.98609180440639
36740,"cancer_yes",6.78490124410263
36740,"KD_yes",2.24739890895173
36740,"Diabetes_yes",13.5080815002088
36740,"Smoke_yes",82.3693450247704
36740,"age_30minus",20.8070156726631
36740,"age_30_40",19.7800293597842
36740,"age_40_50",16.1895791652997
36740,"age_50_60",16.2948589484556
36740,"age_60_70",14.5167703380764
36740,"age_70plus",12.4117465157209
37460,"underweight",6.68219084036129
37460,"normalweight",28.6495091423148
37460,"overweight",45.1750708712542
37460,"obese",15.1838401249496
37460,"extremeobesity",4.30938902112006
37460,"Gen_Hlth_bad",21.6656029942638
37460,"Uninsured",21.1830815008767
37460,"BP_High",38.0884153163825
37460,"Chol_High",26.7913739332991
37460,"HD_yes",4.56646189001506
37460,"cancer_yes",8.43534503201536
37460,"KD_yes",5.41542426216644
37460,"Diabetes_yes",15.5761780799438
37460,"Smoke_yes",74.4055493165584
37460,"age_30minus",19.4684760896864
37460,"age_30_40",17.7003310533296
37460,"age_40_50",13.4254963646736
37460,"age_50_60",17.3180715275728
37460,"age_60_70",17.6608856222973
37460,"age_70plus",14.4267393424403
37860,"underweight",0.957892082211396
37860,"normalweight",37.767895397845
37860,"overweight",31.4052455526857
37860,"obese",21.6869994256421
37860,"extremeobesity",8.18196754161574
37860,"Gen_Hlth_bad",20.7307065272731
37860,"Uninsured",18.9323348636347
37860,"BP_High",36.0338121718937
37860,"Chol_High",27.3500409895076
37860,"HD_yes",1.49848596622588
37860,"cancer_yes",7.2347990740462
37860,"KD_yes",2.33567342199472
37860,"Diabetes_yes",13.1190725127552
37860,"Smoke_yes",75.5401165082027
37860,"age_30minus",22.1750380699243
37860,"age_30_40",15.3596791256977
37860,"age_40_50",16.075528655551
37860,"age_50_60",16.6373628842917
37860,"age_60_70",15.3628414396187
37860,"age_70plus",14.3895498249166
37964,"underweight",3.14258275307182
37964,"normalweight",39.0379234599765
37964,"overweight",31.2041303062555
37964,"obese",18.3587117765762
37964,"extremeobesity",8.25665170411998
37964,"Gen_Hlth_bad",20.7387108680633
37964,"Uninsured",8.70420551108659
37964,"BP_High",33.2787735831089
37964,"Chol_High",24.6201370256791
37964,"HD_yes",4.57152281199186
37964,"cancer_yes",7.2762501387814
37964,"KD_yes",2.23717050484022
37964,"Diabetes_yes",13.7593338136774
37964,"Smoke_yes",76.8222694793596
37964,"age_30minus",24.2927811696311
37964,"age_30_40",17.4968294004836
37964,"age_40_50",16.7054289822286
37964,"age_50_60",15.0597146647655
37964,"age_60_70",14.9373561422603
37964,"age_70plus",11.507889640631
38060,"underweight",2.16417450982577
38060,"normalweight",39.3153711207426
38060,"overweight",33.3959253574528
38060,"obese",19.6697709075733
38060,"extremeobesity",5.45475810440553
38060,"Gen_Hlth_bad",18.4722634003869
38060,"Uninsured",13.1540808483379
38060,"BP_High",30.3548016385713
38060,"Chol_High",27.9066057144008
38060,"HD_yes",3.3737943902564
38060,"cancer_yes",6.83002945398984
38060,"KD_yes",3.96218965907309
38060,"Diabetes_yes",12.3215552901773
38060,"Smoke_yes",80.2404324354934
38060,"age_30minus",20.4910309715395
38060,"age_30_40",18.7595368258585
38060,"age_40_50",15.7467599369396
38060,"age_50_60",17.4601023542355
38060,"age_60_70",13.6814130052475
38060,"age_70plus",13.8611569061794
38300,"underweight",3.04319612592285
38300,"normalweight",42.3453918760051
38300,"overweight",27.8059237325383
38300,"obese",19.9909754752256
38300,"extremeobesity",6.81451279030815
38300,"Gen_Hlth_bad",16.3756046272052
38300,"Uninsured",5.48717983611586
38300,"BP_High",36.5247954391162
38300,"Chol_High",30.5578520073493
38300,"HD_yes",5.22750337149176
38300,"cancer_yes",7.70422843943661
38300,"KD_yes",1.92105206213692
38300,"Diabetes_yes",12.5876243495143
38300,"Smoke_yes",77.0125715017225
38300,"age_30minus",17.2721035106378
38300,"age_30_40",15.3465295298755
38300,"age_40_50",15.0620264391473
38300,"age_50_60",17.9324900732636
38300,"age_60_70",17.2467506304493
38300,"age_70plus",17.1400998166265
38860,"underweight",1.35181284274981
38860,"normalweight",44.9829425488753
38860,"overweight",40.9446983759269
38860,"obese",9.62709620451061
38860,"extremeobesity",3.09345002793734
38860,"Gen_Hlth_bad",12.1276083530516
38860,"Uninsured",8.13740657897205
38860,"BP_High",32.8418728332561
38860,"Chol_High",31.0254970944642
38860,"HD_yes",4.17796082784913
38860,"cancer_yes",9.34180925233939
38860,"KD_yes",2.72381970210761
38860,"Diabetes_yes",11.4758371999402
38860,"Smoke_yes",82.8750922425162
38860,"age_30minus",16.4459864252572
38860,"age_30_40",15.9041244950032
38860,"age_40_50",15.3865887966418
38860,"age_50_60",18.110089476967
38860,"age_60_70",18.3810561190088
38860,"age_70plus",15.772154687122
38900,"underweight",3.08600489588736
38900,"normalweight",42.1942068151111
38900,"overweight",33.0743011081983
38900,"obese",16.7950321448114
38900,"extremeobesity",4.85045503599181
38900,"Gen_Hlth_bad",15.7608812972061
38900,"Uninsured",8.44885284627826
38900,"BP_High",29.1478957402601
38900,"Chol_High",25.3905961511079
38900,"HD_yes",3.08173293968036
38900,"cancer_yes",7.01999568299163
38900,"KD_yes",2.65636942721214
38900,"Diabetes_yes",10.8768393021908
38900,"Smoke_yes",81.453188249768
38900,"age_30minus",18.1024766664056
38900,"age_30_40",21.3652287159955
38900,"age_40_50",16.6519541074933
38900,"age_50_60",16.4420252424493
38900,"age_60_70",15.3607292159538
38900,"age_70plus",12.0775860517025
38940,"underweight",0.855026581462765
38940,"normalweight",49.1176708058811
38940,"overweight",37.0400169347255
38940,"obese",12.0240940054454
38940,"extremeobesity",0.963191672485301
38940,"Gen_Hlth_bad",18.0140827088284
38940,"Uninsured",18.8128798721047
38940,"BP_High",35.165552469356
38940,"Chol_High",35.1931627660918
38940,"HD_yes",5.75307705334471
38940,"cancer_yes",7.00244044399008
38940,"KD_yes",3.27583805329362
38940,"Diabetes_yes",14.0995413481667
38940,"Smoke_yes",79.6681376537521
38940,"age_30minus",15.1297243228891
38940,"age_30_40",13.629699478487
38940,"age_40_50",13.0442533983891
38940,"age_50_60",17.0986110938249
38940,"age_60_70",16.2031642566686
38940,"age_70plus",24.8945474497412
39300,"underweight",2.14528180292505
39300,"normalweight",40.5851795540054
39300,"overweight",30.1075186243892
39300,"obese",21.5287289870501
39300,"extremeobesity",5.63329103163015
39300,"Gen_Hlth_bad",17.5029195924767
39300,"Uninsured",5.99685111191364
39300,"BP_High",32.986977582072
39300,"Chol_High",29.2175039168768
39300,"HD_yes",4.54527683750768
39300,"cancer_yes",7.90413475897362
39300,"KD_yes",2.61459071852872
39300,"Diabetes_yes",11.5586222718095
39300,"Smoke_yes",81.1478365035875
39300,"age_30minus",20.8883935172852
39300,"age_30_40",14.3605678974682
39300,"age_40_50",14.8827781137952
39300,"age_50_60",20.0281106029184
39300,"age_60_70",14.8370079389159
39300,"age_70plus",15.003141929617
39340,"underweight",4.39805252795943
39340,"normalweight",45.2763521951373
39340,"overweight",31.9424862940018
39340,"obese",15.9110567352899
39340,"extremeobesity",2.47205224761158
39340,"Gen_Hlth_bad",11.8905248122349
39340,"Uninsured",10.8793553744545
39340,"BP_High",21.6055423666722
39340,"Chol_High",18.2886394852595
39340,"HD_yes",1.98936169001007
39340,"cancer_yes",5.1878874209648
39340,"KD_yes",3.14469122494887
39340,"Diabetes_yes",7.9794929018258
39340,"Smoke_yes",93.139000571112
39340,"age_30minus",34.692037734621
39340,"age_30_40",20.3717280970789
39340,"age_40_50",16.9958923190508
39340,"age_50_60",11.6048521358043
39340,"age_60_70",8.16182747468561
39340,"age_70plus",8.17366223875941
39660,"underweight",2.64097316257695
39660,"normalweight",28.5514533612079
39660,"overweight",40.879893796852
39660,"obese",21.3721699928722
39660,"extremeobesity",6.55550968649092
39660,"Gen_Hlth_bad",15.3565941856579
39660,"Uninsured",8.06495532583004
39660,"BP_High",37.3073338744902
39660,"Chol_High",26.1519594031291
39660,"HD_yes",3.97537350964226
39660,"cancer_yes",6.9432607211564
39660,"KD_yes",3.04284296123407
39660,"Diabetes_yes",13.059906285813
39660,"Smoke_yes",77.1317724759244
39660,"age_30minus",16.0612837282365
39660,"age_30_40",21.4557378248534
39660,"age_40_50",13.4333801290612
39660,"age_50_60",14.3417864299153
39660,"age_60_70",19.2388979017837
39660,"age_70plus",15.4689139861499
39900,"underweight",4.77078958471785
39900,"normalweight",40.838081253723
39900,"overweight",38.8765390876675
39900,"obese",13.2763861212223
39900,"extremeobesity",2.23820395266926
39900,"Gen_Hlth_bad",18.8744216674017
39900,"Uninsured",9.55923420589652
39900,"BP_High",32.8468057967308
39900,"Chol_High",31.1071385852539
39900,"HD_yes",3.53602244542987
39900,"cancer_yes",7.17501100200547
39900,"KD_yes",2.97821916534171
39900,"Diabetes_yes",10.7635273669249
39900,"Smoke_yes",82.866965578402
39900,"age_30minus",17.5009882227147
39900,"age_30_40",21.1100827470599
39900,"age_40_50",15.4172435681708
39900,"age_50_60",14.8422299778704
39900,"age_60_70",16.7319680312102
39900,"age_70plus",14.3974874529739
40060,"underweight",1.47429370839575
40060,"normalweight",38.6405443219456
40060,"overweight",31.8370510810102
40060,"obese",24.886791142273
40060,"extremeobesity",3.16131974637547
40060,"Gen_Hlth_bad",14.543908741082
40060,"Uninsured",10.1688370941028
40060,"BP_High",35.9582895509074
40060,"Chol_High",30.4630494299445
40060,"HD_yes",4.61370100793274
40060,"cancer_yes",5.69864041305521
40060,"KD_yes",3.09974460145555
40060,"Diabetes_yes",13.5636204755356
40060,"Smoke_yes",80.3078037302529
40060,"age_30minus",21.0120109588052
40060,"age_30_40",15.9564708711289
40060,"age_40_50",16.6267558807293
40060,"age_50_60",17.1088005295637
40060,"age_60_70",15.9182765960353
40060,"age_70plus",13.3776851637376
40140,"underweight",1.54760630483881
40140,"normalweight",28.1735149108686
40140,"overweight",37.8376058996037
40140,"obese",25.6377148767726
40140,"extremeobesity",6.80355800791628
40140,"Gen_Hlth_bad",19.7033266938084
40140,"Uninsured",11.5818474162364
40140,"BP_High",33.653168435553
40140,"Chol_High",28.0118493958414
40140,"HD_yes",2.91805847637156
40140,"cancer_yes",5.81927505214921
40140,"KD_yes",3.35877175185167
40140,"Diabetes_yes",19.1773152457436
40140,"Smoke_yes",81.9099651747836
40140,"age_30minus",21.6450410738452
40140,"age_30_40",19.8055982671436
40140,"age_40_50",15.3065558880043
40140,"age_50_60",19.2783942708462
40140,"age_60_70",13.0641231575991
40140,"age_70plus",10.9002873425616
40340,"underweight",0.421913126906482
40340,"normalweight",43.9201956151505
40340,"overweight",35.8930054590929
40340,"obese",16.059303570152
40340,"extremeobesity",3.70558222869805
40340,"Gen_Hlth_bad",9.15882953961664
40340,"Uninsured",7.66719006004845
40340,"BP_High",26.7574039038545
40340,"Chol_High",27.1163435290518
40340,"HD_yes",3.79031472861117
40340,"cancer_yes",5.74321699209379
40340,"KD_yes",2.57984594138474
40340,"Diabetes_yes",12.4628204196252
40340,"Smoke_yes",83.3955543918068
40340,"age_30minus",18.8725265408999
40340,"age_30_40",18.1099172750829
40340,"age_40_50",13.7489059135232
40340,"age_50_60",18.0622120829963
40340,"age_60_70",16.7855956991442
40340,"age_70plus",14.4208424883536
40380,"underweight",1.66313408158761
40380,"normalweight",42.3451594932031
40380,"overweight",28.1582560488135
40380,"obese",22.7336718451662
40380,"extremeobesity",5.09977853122957
40380,"Gen_Hlth_bad",16.2750284141574
40380,"Uninsured",9.73908721310005
40380,"BP_High",34.1669593241608
40380,"Chol_High",27.7273709665646
40380,"HD_yes",4.96192944604986
40380,"cancer_yes",6.5690931691798
40380,"KD_yes",5.25704042628647
40380,"Diabetes_yes",12.4375886046001
40380,"Smoke_yes",79.0328853316256
40380,"age_30minus",21.9642258332804
40380,"age_30_40",11.8302025115269
40380,"age_40_50",17.1359187263778
40380,"age_50_60",17.2442550037198
40380,"age_60_70",16.856010920143
40380,"age_70plus",14.9693870049521
40484,"underweight",2.70464576073591
40484,"normalweight",44.1443366884019
40484,"overweight",31.3231916526447
40484,"obese",14.7762211788091
40484,"extremeobesity",7.05160471940846
40484,"Gen_Hlth_bad",12.8066040122698
40484,"Uninsured",6.62290620707009
40484,"BP_High",31.363779935407
40484,"Chol_High",28.80994474247
40484,"HD_yes",3.44800952605361
40484,"cancer_yes",8.85193957395047
40484,"KD_yes",2.41325081672241
40484,"Diabetes_yes",10.1782971442352
40484,"Smoke_yes",81.6731094286441
40484,"age_30minus",19.7790042720093
40484,"age_30_40",14.0068877632617
40484,"age_40_50",16.3122414839694
40484,"age_50_60",19.5522139310002
40484,"age_60_70",16.5879574335702
40484,"age_70plus",13.7616951161892
40900,"underweight",5.27379528191481
40900,"normalweight",43.1787630971951
40900,"overweight",25.6363293908464
40900,"obese",20.2097395148949
40900,"extremeobesity",5.70137271514876
40900,"Gen_Hlth_bad",15.0407923501061
40900,"Uninsured",7.46994821383393
40900,"BP_High",31.8781202056132
40900,"Chol_High",26.4968258233073
40900,"HD_yes",1.94665653768454
40900,"cancer_yes",6.90411304405055
40900,"KD_yes",3.51648043621149
40900,"Diabetes_yes",15.7314183225607
40900,"Smoke_yes",84.3639408407965
40900,"age_30minus",20.9946258146678
40900,"age_30_40",19.2431024397608
40900,"age_40_50",15.4196034822817
40900,"age_50_60",17.6831318065462
40900,"age_60_70",13.7754993619602
40900,"age_70plus",12.8840370947833
41060,"underweight",4.18291662813318
41060,"normalweight",40.2284434638592
41060,"overweight",34.4924611845255
41060,"obese",19.2479151664755
41060,"extremeobesity",1.84826355700667
41060,"Gen_Hlth_bad",13.1447895179804
41060,"Uninsured",7.31774885713716
41060,"BP_High",30.5333275442003
41060,"Chol_High",22.9666893975527
41060,"HD_yes",2.89728351616307
41060,"cancer_yes",6.95432232086329
41060,"KD_yes",2.21861290629001
41060,"Diabetes_yes",9.43364617097309
41060,"Smoke_yes",81.0781733603053
41060,"age_30minus",25.9716372967901
41060,"age_30_40",16.0071616466342
41060,"age_40_50",13.7736656023033
41060,"age_50_60",15.3283487695564
41060,"age_60_70",15.4119709454805
41060,"age_70plus",13.5072157392355
41180,"underweight",2.9391662681185
41180,"normalweight",32.421566881086
41180,"overweight",35.9588498843661
41180,"obese",20.6718375897039
41180,"extremeobesity",8.00857937672545
41180,"Gen_Hlth_bad",18.2790694020437
41180,"Uninsured",8.7224728191665
41180,"BP_High",34.2815718893854
41180,"Chol_High",28.6576120903144
41180,"HD_yes",4.35583970127499
41180,"cancer_yes",9.19460415225899
41180,"KD_yes",3.89705374135911
41180,"Diabetes_yes",13.6610597170321
41180,"Smoke_yes",77.9728134459978
41180,"age_30minus",19.0469417227917
41180,"age_30_40",18.6503332684394
41180,"age_40_50",15.1215848007273
41180,"age_50_60",17.1224455583208
41180,"age_60_70",16.005266433349
41180,"age_70plus",14.0534282163717
41460,"underweight",0
41460,"normalweight",39.815042545643
41460,"overweight",31.2490498425374
41460,"obese",24.6457836081813
41460,"extremeobesity",4.2901240036384
41460,"Gen_Hlth_bad",17.8771288395426
41460,"Uninsured",12.9121165784076
41460,"BP_High",34.2798613264848
41460,"Chol_High",26.2228406548339
41460,"HD_yes",3.76122652084505
41460,"cancer_yes",7.86237142817641
41460,"KD_yes",2.58878630934962
41460,"Diabetes_yes",11.408409087714
41460,"Smoke_yes",76.7847284780781
41460,"age_30minus",18.1617496790414
41460,"age_30_40",19.5050468974198
41460,"age_40_50",12.934354653803
41460,"age_50_60",17.9594910183463
41460,"age_60_70",16.2837324885682
41460,"age_70plus",15.1556252628213
41540,"underweight",2.64006032947129
41540,"normalweight",31.9230318320953
41540,"overweight",37.9759549179028
41540,"obese",22.6841184000867
41540,"extremeobesity",4.77683452044397
41540,"Gen_Hlth_bad",17.4880964325625
41540,"Uninsured",10.621337122051
41540,"BP_High",39.7995313053671
41540,"Chol_High",33.5873187118729
41540,"HD_yes",5.43972712231465
41540,"cancer_yes",8.91365225449525
41540,"KD_yes",3.49163026050253
41540,"Diabetes_yes",15.5987876820144
41540,"Smoke_yes",78.8056587544738
41540,"age_30minus",17.9394501180691
41540,"age_30_40",14.7948267580596
41540,"age_40_50",9.3470018355076
41540,"age_50_60",20.5320852295702
41540,"age_60_70",17.5854635372239
41540,"age_70plus",19.8011725215696
41620,"underweight",2.61089891090852
41620,"normalweight",43.2269368588142
41620,"overweight",35.3132635746735
41620,"obese",15.1694276168758
41620,"extremeobesity",3.67947303872804
41620,"Gen_Hlth_bad",14.5434182093896
41620,"Uninsured",13.0352352397395
41620,"BP_High",26.8819485525755
41620,"Chol_High",22.5839808066534
41620,"HD_yes",2.35160428660826
41620,"cancer_yes",5.75853383693501
41620,"KD_yes",2.88903471669743
41620,"Diabetes_yes",10.4329614224415
41620,"Smoke_yes",87.0735875910083
41620,"age_30minus",23.6120085216475
41620,"age_30_40",22.3843241301574
41620,"age_40_50",16.7307740460869
41620,"age_50_60",15.6614182816936
41620,"age_60_70",12.1257974718259
41620,"age_70plus",9.48567754858879
41700,"underweight",2.33403979357719
41700,"normalweight",40.8292014030457
41700,"overweight",31.1808645213187
41700,"obese",24.9707182466106
41700,"extremeobesity",0.685176035447749
41700,"Gen_Hlth_bad",21.5933541895085
41700,"Uninsured",27.7141227229897
41700,"BP_High",31.2628023248928
41700,"Chol_High",24.4145023721309
41700,"HD_yes",4.90809893978797
41700,"cancer_yes",8.64498892213721
41700,"KD_yes",3.13240690511699
41700,"Diabetes_yes",14.1314351250261
41700,"Smoke_yes",78.3543139693948
41700,"age_30minus",22.644796119382
41700,"age_30_40",19.4405347620161
41700,"age_40_50",16.6149595868547
41700,"age_50_60",15.964723675687
41700,"age_60_70",13.6598587037718
41700,"age_70plus",11.6751271522884
41980,"underweight",3.03674620068471
41980,"normalweight",37.0410514356741
41980,"overweight",28.2098060286503
41980,"obese",25.4451938690802
41980,"extremeobesity",6.26720246591067
41980,"Gen_Hlth_bad",35.1260245681835
41980,"Uninsured",6.35190657607441
41980,"BP_High",45.5068290883118
41980,"Chol_High",31.1208881769707
41980,"HD_yes",6.6669757380546
41980,"cancer_yes",4.13301700833727
41980,"KD_yes",3.36416169927114
41980,"Diabetes_yes",19.2826665435596
41980,"Smoke_yes",87.6074175708228
41980,"age_30minus",21.4201219527353
41980,"age_30_40",15.3131615012527
41980,"age_40_50",16.975273358627
41980,"age_50_60",16.5401421519136
41980,"age_60_70",14.7189025885472
41980,"age_70plus",15.0323984469243
42420,"underweight",2.99947784607374
42420,"normalweight",37.7264314654569
42420,"overweight",28.1192210897148
42420,"obese",22.5658334108266
42420,"extremeobesity",8.58903618792789
42420,"Gen_Hlth_bad",23.0147665121252
42420,"Uninsured",17.6672556809705
42420,"BP_High",36.9645713380865
42420,"Chol_High",26.506973290112
42420,"HD_yes",4.34138898126876
42420,"cancer_yes",8.68123519974852
42420,"KD_yes",3.70548335863207
42420,"Diabetes_yes",18.6316356250795
42420,"Smoke_yes",75.2658623781258
42420,"age_30minus",18.7897042342087
42420,"age_30_40",14.996660720181
42420,"age_40_50",13.27931190693
42420,"age_50_60",16.9872537443015
42420,"age_60_70",17.735680652193
42420,"age_70plus",18.2113887421858
42644,"underweight",3.67706866192033
42644,"normalweight",46.7853254237418
42644,"overweight",30.557105031409
42644,"obese",14.9262523323228
42644,"extremeobesity",4.05424855060604
42644,"Gen_Hlth_bad",13.564058354973
42644,"Uninsured",8.85250065070984
42644,"BP_High",27.8403387340823
42644,"Chol_High",25.1818021877846
42644,"HD_yes",2.64713132240558
42644,"cancer_yes",6.48235992501157
42644,"KD_yes",2.9302021872669
42644,"Diabetes_yes",9.21032737771606
42644,"Smoke_yes",85.8941283599965
42644,"age_30minus",19.2096407061652
42644,"age_30_40",20.6365285238989
42644,"age_40_50",17.8974978533106
42644,"age_50_60",16.5465332355648
42644,"age_60_70",14.4334639065958
42644,"age_70plus",11.2763357744648
43524,"underweight",1.73168019010061
43524,"normalweight",40.6577679488926
43524,"overweight",41.7344487032806
43524,"obese",12.8814502909894
43524,"extremeobesity",2.99465286673677
43524,"Gen_Hlth_bad",12.9532376682412
43524,"Uninsured",11.9018032231321
43524,"BP_High",29.1235720452786
43524,"Chol_High",30.3656440227243
43524,"HD_yes",2.41112753212244
43524,"cancer_yes",5.7080671618387
43524,"KD_yes",1.95001488100732
43524,"Diabetes_yes",10.5265015145522
43524,"Smoke_yes",86.7933134942814
43524,"age_30minus",18.5049649517377
43524,"age_30_40",17.5035157253375
43524,"age_40_50",16.968179391627
43524,"age_50_60",18.7686910812721
43524,"age_60_70",14.7578566644449
43524,"age_70plus",13.4967921855807
43580,"underweight",4.63930802763966
43580,"normalweight",32.6083982729854
43580,"overweight",35.9516626512411
43580,"obese",18.4730130104467
43580,"extremeobesity",8.32761803768717
43580,"Gen_Hlth_bad",20.7117900179744
43580,"Uninsured",9.44579223484863
43580,"BP_High",30.2656357844938
43580,"Chol_High",26.8495857869586
43580,"HD_yes",4.47189628494919
43580,"cancer_yes",7.24604538819537
43580,"KD_yes",2.949810301554
43580,"Diabetes_yes",10.7162604489436
43580,"Smoke_yes",78.6071682347516
43580,"age_30minus",19.126529416245
43580,"age_30_40",19.3651797490882
43580,"age_40_50",14.5935703375226
43580,"age_50_60",17.5979120334288
43580,"age_60_70",16.2126913015482
43580,"age_70plus",13.1041171621673
43620,"underweight",0.0458595434861207
43620,"normalweight",39.2665103492478
43620,"overweight",33.6906377467337
43620,"obese",20.9573246076404
43620,"extremeobesity",6.03966775289197
43620,"Gen_Hlth_bad",11.5744985196789
43620,"Uninsured",14.2209557839875
43620,"BP_High",30.3060235246027
43620,"Chol_High",22.4345679254237
43620,"HD_yes",4.69129154989619
43620,"cancer_yes",6.37134609058193
43620,"KD_yes",1.63553803818397
43620,"Diabetes_yes",10.9643734396163
43620,"Smoke_yes",78.9170120754822
43620,"age_30minus",19.7118946073596
43620,"age_30_40",22.1428334209814
43620,"age_40_50",14.4749036958594
43620,"age_50_60",15.7144694320836
43620,"age_60_70",15.8046079411741
43620,"age_70plus",12.1512909025419
43780,"underweight",0
43780,"normalweight",27.5843856141718
43780,"overweight",41.3022308941668
43780,"obese",26.6515089874628
43780,"extremeobesity",4.46187450419851
43780,"Gen_Hlth_bad",18.968770820214
43780,"Uninsured",11.8264179497322
43780,"BP_High",37.6805963195356
43780,"Chol_High",28.1986575338592
43780,"HD_yes",4.8909661451297
43780,"cancer_yes",9.38062388116228
43780,"KD_yes",3.16161252938431
43780,"Diabetes_yes",11.1302881458968
43780,"Smoke_yes",73.1798234759687
43780,"age_30minus",16.3538658932671
43780,"age_30_40",21.4790056240666
43780,"age_40_50",13.8821890283354
43780,"age_50_60",17.3453506366732
43780,"age_60_70",17.5932017234346
43780,"age_70plus",13.3463870942231
43900,"underweight",2.54214747008839
43900,"normalweight",41.171813557115
43900,"overweight",27.1713050776406
43900,"obese",10.0175551485618
43900,"extremeobesity",19.0971787465943
43900,"Gen_Hlth_bad",20.2964233044915
43900,"Uninsured",14.4988714079394
43900,"BP_High",38.9734224841735
43900,"Chol_High",33.2930100868009
43900,"HD_yes",2.72261290103268
43900,"cancer_yes",6.70750615931452
43900,"KD_yes",1.76856369929749
43900,"Diabetes_yes",12.9881009639335
43900,"Smoke_yes",78.7732099741328
43900,"age_30minus",21.2849046781496
43900,"age_30_40",14.6889648300982
43900,"age_40_50",14.1887149945139
43900,"age_50_60",18.1244587339934
43900,"age_60_70",17.2250712305747
43900,"age_70plus",14.4878855326701
44060,"underweight",4.81954642593177
44060,"normalweight",36.4223803297313
44060,"overweight",26.2865283445358
44060,"obese",21.8117083708797
44060,"extremeobesity",10.6598365289214
44060,"Gen_Hlth_bad",14.966514156388
44060,"Uninsured",6.48635084350112
44060,"BP_High",30.2537409322526
44060,"Chol_High",26.3381657740405
44060,"HD_yes",3.07570358687868
44060,"cancer_yes",8.8295820520586
44060,"KD_yes",3.03552810859723
44060,"Diabetes_yes",10.3403431981658
44060,"Smoke_yes",79.8194898648304
44060,"age_30minus",20.883047681665
44060,"age_30_40",17.3311754305763
44060,"age_40_50",13.1682084182943
44060,"age_50_60",18.2540900182053
44060,"age_60_70",16.9179412968649
44060,"age_70plus",13.4455371543942
44140,"underweight",1.09199479942163
44140,"normalweight",56.2378621685917
44140,"overweight",25.7680274692896
44140,"obese",14.793771847716
44140,"extremeobesity",2.10834371498105
44140,"Gen_Hlth_bad",19.1692087742638
44140,"Uninsured",6.11726226737054
44140,"BP_High",33.1292943112182
44140,"Chol_High",27.4380045327018
44140,"HD_yes",4.43651572988766
44140,"cancer_yes",7.27250883589974
44140,"KD_yes",3.6799106657009
44140,"Diabetes_yes",10.1413324739846
44140,"Smoke_yes",79.0014570113536
44140,"age_30minus",24.2120345842037
44140,"age_30_40",14.9403557833292
44140,"age_40_50",10.8180012817031
44140,"age_50_60",19.2990699890519
44140,"age_60_70",16.6904711133505
44140,"age_70plus",14.0400672483615
45220,"underweight",7.08816862013535
45220,"normalweight",43.384820807857
45220,"overweight",20.7441716487477
45220,"obese",19.8326890010557
45220,"extremeobesity",8.95014992220424
45220,"Gen_Hlth_bad",12.2721302123476
45220,"Uninsured",10.2251431444616
45220,"BP_High",30.4476939361682
45220,"Chol_High",23.4741572991444
45220,"HD_yes",3.15976235004813
45220,"cancer_yes",5.06773774350349
45220,"KD_yes",3.37739078342812
45220,"Diabetes_yes",11.1873759831104
45220,"Smoke_yes",81.1601679292342
45220,"age_30minus",28.4905074531662
45220,"age_30_40",18.0662212976564
45220,"age_40_50",14.1484291207038
45220,"age_50_60",13.6906206053998
45220,"age_60_70",14.4129651994404
45220,"age_70plus",11.1912563236334
45300,"underweight",2.17413495336418
45300,"normalweight",42.8679342868281
45300,"overweight",36.1225810146279
45300,"obese",15.6336001648768
45300,"extremeobesity",3.20174958030305
45300,"Gen_Hlth_bad",20.6148717400707
45300,"Uninsured",15.7676021302606
45300,"BP_High",36.2146134529895
45300,"Chol_High",33.3600635308727
45300,"HD_yes",5.53808938457606
45300,"cancer_yes",9.83992598289708
45300,"KD_yes",1.91484904316239
45300,"Diabetes_yes",13.1563036571727
45300,"Smoke_yes",77.0164374368165
45300,"age_30minus",16.5417106649451
45300,"age_30_40",17.56266744376
45300,"age_40_50",13.3132086435476
45300,"age_50_60",19.4387364318355
45300,"age_60_70",16.7158550230548
45300,"age_70plus",16.4278217928569
45780,"underweight",1.65835057117264
45780,"normalweight",27.1845385907982
45780,"overweight",33.9493741675073
45780,"obese",28.7194157508103
45780,"extremeobesity",8.48832091971155
45780,"Gen_Hlth_bad",17.9176234008895
45780,"Uninsured",6.49525053297213
45780,"BP_High",39.9375832369665
45780,"Chol_High",30.3053441479368
45780,"HD_yes",6.50998152953993
45780,"cancer_yes",5.54374140220631
45780,"KD_yes",2.38977505548959
45780,"Diabetes_yes",14.7500154589309
45780,"Smoke_yes",75.5257553423663
45780,"age_30minus",22.7737767628028
45780,"age_30_40",14.0765505655789
45780,"age_40_50",16.8219278278799
45780,"age_50_60",16.912952304725
45780,"age_60_70",16.1252969173265
45780,"age_70plus",13.2894956216871
45820,"underweight",2.99298785060743
45820,"normalweight",27.3897458950973
45820,"overweight",29.5793163342885
45820,"obese",32.0151810263879
45820,"extremeobesity",8.02276889361886
45820,"Gen_Hlth_bad",18.2980436521104
45820,"Uninsured",9.63979649284737
45820,"BP_High",39.8687681054017
45820,"Chol_High",31.2856866863277
45820,"HD_yes",4.52937201947944
45820,"cancer_yes",7.59473154951882
45820,"KD_yes",4.19236804182821
45820,"Diabetes_yes",14.1711716430041
45820,"Smoke_yes",74.3707274478471
45820,"age_30minus",18.8247540429174
45820,"age_30_40",16.666959831286
45820,"age_40_50",14.0142608983908
45820,"age_50_60",17.5472939630774
45820,"age_60_70",17.3927390307946
45820,"age_70plus",15.5539922335339
46140,"underweight",0.668740108042807
46140,"normalweight",32.926157742832
46140,"overweight",31.7107094209064
46140,"obese",24.6707475383861
46140,"extremeobesity",10.0236451898327
46140,"Gen_Hlth_bad",19.7103830844667
46140,"Uninsured",15.6754963458013
46140,"BP_High",39.9599041914023
46140,"Chol_High",27.3079426588239
46140,"HD_yes",4.09402524259415
46140,"cancer_yes",6.78008658536915
46140,"KD_yes",3.48343719488606
46140,"Diabetes_yes",14.7419184810552
46140,"Smoke_yes",76.8716701238012
46140,"age_30minus",20.5908820212037
46140,"age_30_40",19.6310301197124
46140,"age_40_50",14.0774263681993
46140,"age_50_60",15.9785184957074
46140,"age_60_70",16.035170116766
46140,"age_70plus",13.6869728784113
46220,"underweight",2.42754063849136
46220,"normalweight",35.1882113451324
46220,"overweight",27.6768957508658
46220,"obese",29.0455884566755
46220,"extremeobesity",5.66176380883504
46220,"Gen_Hlth_bad",18.8518149586533
46220,"Uninsured",13.9218867367738
46220,"BP_High",40.5872658496414
46220,"Chol_High",30.522627677844
46220,"HD_yes",2.98041976607008
46220,"cancer_yes",6.93772874623902
46220,"KD_yes",2.0390967245882
46220,"Diabetes_yes",12.398632102371
46220,"Smoke_yes",74.8117255548547
46220,"age_30minus",21.288946035504
46220,"age_30_40",23.8549670545034
46220,"age_40_50",15.2460706035915
46220,"age_50_60",14.6332544970538
46220,"age_60_70",12.7620139425702
46220,"age_70plus",12.2147478667772
47260,"underweight",0.478947325165895
47260,"normalweight",30.7214154989625
47260,"overweight",32.0184488296413
47260,"obese",32.2624165098694
47260,"extremeobesity",4.51877183636098
47260,"Gen_Hlth_bad",15.8315879435084
47260,"Uninsured",11.8162584957882
47260,"BP_High",35.211456289789
47260,"Chol_High",26.8446468698623
47260,"HD_yes",3.81767398071952
47260,"cancer_yes",6.84953404046787
47260,"KD_yes",3.06137438396518
47260,"Diabetes_yes",14.982891964611
47260,"Smoke_yes",80.0676849141588
47260,"age_30minus",23.9849753778694
47260,"age_30_40",18.0543668801984
47260,"age_40_50",14.4880543591877
47260,"age_50_60",16.7258605611885
47260,"age_60_70",14.3058894311273
47260,"age_70plus",12.4408533904286
47664,"underweight",4.82641529584268
47664,"normalweight",36.1014309088149
47664,"overweight",34.0147868909521
47664,"obese",21.1318295992113
47664,"extremeobesity",3.92553730517892
47664,"Gen_Hlth_bad",17.4378500560236
47664,"Uninsured",6.02611859124416
47664,"BP_High",34.5313561378904
47664,"Chol_High",31.8628593025803
47664,"HD_yes",5.19536172468571
47664,"cancer_yes",8.93000406283662
47664,"KD_yes",3.27167996270714
47664,"Diabetes_yes",12.149341192713
47664,"Smoke_yes",79.8203743520105
47664,"age_30minus",18.4113056139602
47664,"age_30_40",13.8616039696637
47664,"age_40_50",18.0504536319106
47664,"age_50_60",18.871458047752
47664,"age_60_70",16.4796990933425
47664,"age_70plus",14.3254796433709
47894,"underweight",3.75866277280421
47894,"normalweight",40.0629080510158
47894,"overweight",33.2787207712191
47894,"obese",17.7580276375652
47894,"extremeobesity",5.14168076739567
47894,"Gen_Hlth_bad",12.9110868959059
47894,"Uninsured",9.39540152603332
47894,"BP_High",28.9795710718082
47894,"Chol_High",27.8647555181054
47894,"HD_yes",2.61698746321768
47894,"cancer_yes",5.56159090799743
47894,"KD_yes",2.23487905477712
47894,"Diabetes_yes",9.82844371232837
47894,"Smoke_yes",85.5536509397253
47894,"age_30minus",21.3785141766167
47894,"age_30_40",19.5064926397686
47894,"age_40_50",18.0130827929084
47894,"age_50_60",17.4663384957322
47894,"age_60_70",13.3178266952259
47894,"age_70plus",10.3177451997483
48620,"underweight",2.46374426617419
48620,"normalweight",30.7667335880154
48620,"overweight",33.3555562641592
48620,"obese",25.1801509526112
48620,"extremeobesity",8.23381492903999
48620,"Gen_Hlth_bad",18.6781720623558
48620,"Uninsured",13.1371927778252
48620,"BP_High",37.1328283635334
48620,"Chol_High",27.9172665075167
48620,"HD_yes",4.22412706946601
48620,"cancer_yes",7.38590861787593
48620,"KD_yes",2.98900440933873
48620,"Diabetes_yes",13.5229895502038
48620,"Smoke_yes",76.1481676376326
48620,"age_30minus",21.1738422951255
48620,"age_30_40",18.2852774287045
48620,"age_40_50",15.5332610335235
48620,"age_50_60",16.4046216177096
48620,"age_60_70",15.7951915019045
48620,"age_70plus",12.8078061230323
48660,"underweight",12.4824140001187
48660,"normalweight",18.5418926518289
48660,"overweight",39.0553370842435
48660,"obese",22.0027178210647
48660,"extremeobesity",7.91763844274423
48660,"Gen_Hlth_bad",34.9976884066194
48660,"Uninsured",18.5736229995968
48660,"BP_High",38.9364842681701
48660,"Chol_High",27.6525738225119
48660,"HD_yes",10.5760319924048
48660,"cancer_yes",6.81447631607586
48660,"KD_yes",3.88880870657826
48660,"Diabetes_yes",22.7047235270108
48660,"Smoke_yes",72.9794628236962
48660,"age_30minus",26.515378981273
48660,"age_30_40",11.1990684349701
48660,"age_40_50",20.0269254610008
48660,"age_50_60",14.2995900684923
48660,"age_60_70",14.5927875745604
48660,"age_70plus",13.3662494797034
48864,"underweight",4.04966144182745
48864,"normalweight",36.016573782323
48864,"overweight",37.868516225635
48864,"obese",17.182034115947
48864,"extremeobesity",4.88321443426751
48864,"Gen_Hlth_bad",17.9991689881532
48864,"Uninsured",8.35976490809827
48864,"BP_High",36.3243029820443
48864,"Chol_High",29.5282019747127
48864,"HD_yes",3.62028429149696
48864,"cancer_yes",6.96566616601302
48864,"KD_yes",2.97037893345604
48864,"Diabetes_yes",14.3514436373349
48864,"Smoke_yes",79.0813208127551
48864,"age_30minus",19.1020902408476
48864,"age_30_40",18.7589862557957
48864,"age_40_50",14.7114808465433
48864,"age_50_60",18.157094767375
48864,"age_60_70",15.6170827731846
48864,"age_70plus",13.6532651162538
49340,"underweight",4.21014255105495
49340,"normalweight",42.8352620026041
49340,"overweight",35.4131311079768
49340,"obese",13.6541439906877
49340,"extremeobesity",3.88732034767643
49340,"Gen_Hlth_bad",17.5425299404488
49340,"Uninsured",6.89745715983306
49340,"BP_High",32.2897775351666
49340,"Chol_High",26.071579119007
49340,"HD_yes",4.05772031164921
49340,"cancer_yes",8.27812079962166
49340,"KD_yes",2.855072744134
49340,"Diabetes_yes",13.856600819512
49340,"Smoke_yes",80.8146070909639
49340,"age_30minus",18.6010668819623
49340,"age_30_40",19.5563955371219
49340,"age_40_50",13.2825853291597
49340,"age_50_60",21.0840838979375
49340,"age_60_70",14.8432040569398
49340,"age_70plus",12.6326642968788
