"","MMSA_NAME","CASES","DEATHS","death_rate"
"1","Aberdeen",1856,14,0.754310344827586
"2","Abilene",2166,59,2.72391505078486
"3","Ada",442,3,0.678733031674208
"4","Adrian",842,18,2.13776722090261
"5","Akron",6615,319,4.82237339380197
"6","Alamogordo",270,13,4.81481481481481
"7","Albany",4723,275,5.82257040016938
"8","Albany-Lebanon",532,13,2.44360902255639
"9","Albany-Schenectady-Troy",6600,228,3.45454545454545
"10","Albemarle",2014,56,2.78053624627607
"11","Albert Lea",548,4,0.72992700729927
"12","Albertville",3983,45,1.12980165704243
"13","Albuquerque",8643,224,2.59169269929423
"14","Alexander City",1347,88,6.53303637713437
"15","Alexandria",5116,181,3.53792025019547
"16","Alice",1933,53,2.74185204345577
"17","Allentown-Bethlehem-Easton",12125,857,7.0680412371134
"18","Alma",292,15,5.13698630136986
"19","Alpena",145,14,9.6551724137931
"20","Altoona",716,18,2.51396648044693
"21","Altus",793,10,1.26103404791929
"22","Amarillo",8979,102,1.13598396257935
"23","Americus",1039,64,6.15976900866217
"24","Ames",4016,25,0.622509960159363
"25","Amsterdam",235,9,3.82978723404255
"26","Anchorage",624,2,0.320512820512821
"27","Andrews",425,9,2.11764705882353
"28","Angola",400,7,1.75
"29","Ann Arbor",3773,116,3.0744765438643
"30","Anniston-Oxford",3569,44,1.23283833006444
"31","Appleton",6450,35,0.542635658914729
"32","Arcadia",1571,25,1.59134309357097
"33","Ardmore",761,10,1.31406044678055
"34","Arkadelphia",357,4,1.12044817927171
"35","Asheville",5954,178,2.98958683238159
"36","Ashland",261,4,1.53256704980843
"37","Ashtabula",664,48,7.2289156626506
"38","Astoria",221,0,0
"39","Atchison",308,2,0.649350649350649
"40","Athens",2917,51,1.74837161467261
"41","Athens-Clarke County",6884,89,1.29285299244625
"42","Atlanta-Sandy Springs-Alpharetta",147823,2963,2.00442421003497
"43","Atlantic City-Hammonton",4128,256,6.2015503875969
"44","Atmore",1620,24,1.48148148148148
"45","Auburn",723,14,1.93637621023513
"46","Auburn-Opelika",6017,61,1.01379424962606
"47","Augusta-Richmond County",17659,355,2.0103063593635
"48","Augusta-Waterville",215,11,5.11627906976744
"49","Austin",1348,6,0.445103857566766
"50","Austin-Round Rock-Georgetown",47380,693,1.46264246517518
"51","Bainbridge",1165,29,2.48927038626609
"52","Bakersfield",32128,370,1.15164342629482
"53","Baltimore-Columbia-Towson",38922,1232,3.16530496891218
"54","Bangor",254,6,2.36220472440945
"55","Baraboo",1003,4,0.398803589232303
"56","Bardstown",519,4,0.770712909441233
"57","Barnstable Town",2010,174,8.65671641791045
"58","Barre",78,2,2.56410256410256
"59","Bartlesville",1005,40,3.98009950248756
"60","Batavia",330,6,1.81818181818182
"61","Batesville",1387,27,1.94664744051911
"62","Baton Rouge",29817,880,2.95133648589731
"63","Battle Creek",1492,46,3.08310991957105
"64","Bay City",2068,99,4.78723404255319
"65","Beatrice",265,5,1.88679245283019
"66","Beaumont-Port Arthur",10860,210,1.93370165745856
"67","Beaver Dam",1994,17,0.852557673019057
"68","Beckley",1158,22,1.89982728842832
"69","Bedford",532,31,5.82706766917293
"70","Beeville",1816,34,1.87224669603524
"71","Bellefontaine",317,3,0.946372239747634
"72","Bellingham",1355,45,3.3210332103321
"73","Bemidji",473,5,1.05708245243129
"74","Bend",873,12,1.3745704467354
"75","Bennettsville",931,11,1.18152524167562
"76","Bennington",115,1,0.869565217391304
"77","Berlin",22,0,0
"78","Big Rapids",228,3,1.31578947368421
"79","Big Spring",823,16,1.94410692588092
"80","Big Stone Gap",459,9,1.96078431372549
"81","Billings",3530,70,1.98300283286119
"82","Binghamton",1922,106,5.51508844953174
"83","Birmingham-Hoover",32666,494,1.51227576072981
"84","Bismarck",5146,76,1.47687524290711
"85","Blackfoot",960,10,1.04166666666667
"86","Blacksburg-Christiansburg",3069,10,0.325839035516455
"87","Bloomington",6211,66,1.06263081629367
"88","Bloomsburg-Berwick",1104,40,3.6231884057971
"89","Bluefield",812,35,4.31034482758621
"90","Bluffton",290,4,1.37931034482759
"91","Blytheville",1708,51,2.98594847775176
"92","Bogalusa",1643,67,4.07790626902008
"93","Boise City",22155,260,1.17354998871587
"94","Bonham",691,15,2.17076700434153
"95","Boone",905,1,0.110497237569061
"96","Borger",224,5,2.23214285714286
"97","Boston-Cambridge-Newton",100860,6533,6.47729526075749
"98","Boulder",4435,79,1.78128523111612
"99","Bowling Green",5245,87,1.65872259294566
"100","Bozeman",1412,4,0.28328611898017
"101","Bradford",59,2,3.38983050847458
"102","Brainerd",751,22,2.92942743009321
"103","Branson",1317,33,2.50569476082005
"104","Breckenridge",465,4,0.860215053763441
"105","Bremerton-Silverdale-Port Orchard",1222,12,0.981996726677578
"106","Brenham",641,48,7.48829953198128
"107","Brevard",333,8,2.4024024024024
"108","Bridgeport-Stamford-Norwalk",20225,1422,7.03090234857849
"109","Brookhaven",1123,53,4.71950133570793
"110","Brookings",811,2,0.246609124537608
"111","Brownsville",1006,23,2.28628230616302
"112","Brownsville-Harlingen",22825,912,3.99561883899233
"113","Brownwood",586,25,4.26621160409556
"114","Brunswick",4125,112,2.71515151515152
"115","Bucyrus-Galion",249,6,2.40963855421687
"116","Buffalo-Cheektowaga",13288,714,5.37326911499097
"117","Burley",1482,14,0.944669365721997
"118","Burlington",4868,63,1.29416598192276
"119","Burlington-South Burlington",981,46,4.68909276248726
"120","Butte-Silver Bow",270,0,0
"121","Cañon City",176,1,0.568181818181818
"122","Cadillac",193,5,2.59067357512953
"123","Calhoun",1870,36,1.92513368983957
"124","California-Lexington Park",1310,57,4.35114503816794
"125","Cambridge",769,18,2.3407022106632
"126","Camden",305,6,1.9672131147541
"127","Campbellsville",579,15,2.59067357512953
"128","Canton-Massillon",3108,182,5.85585585585586
"129","Cape Coral-Fort Myers",20516,468,2.28114642230454
"130","Cape Girardeau",2224,20,0.899280575539568
"131","Carbondale-Marion",2865,73,2.54799301919721
"132","Carlsbad-Artesia",861,11,1.27758420441347
"133","Carroll",704,5,0.710227272727273
"134","Carson City",494,8,1.61943319838057
"135","Casper",603,4,0.66334991708126
"136","Cedar City",761,3,0.394218134034166
"137","Cedar Rapids",4802,118,2.457309454394
"138","Cedartown",1490,18,1.20805369127517
"139","Celina",1161,19,1.6365202411714
"140","Central City",785,12,1.52866242038217
"141","Centralia",1120,7,0.625
"142","Chambersburg-Waynesboro",1795,50,2.78551532033426
"143","Champaign-Urbana",4961,21,0.423301753678694
"144","Charleston",3459,109,3.15119976871928
"145","Charleston-Mattoon",1727,36,2.0845396641575
"146","Charleston-North Charleston",25597,442,1.72676485525648
"147","Charlotte-Concord-Gastonia",60724,875,1.44094591924116
"148","Charlottesville",2016,35,1.73611111111111
"149","Chattanooga",13548,163,1.20312961322704
"150","Cheyenne",718,4,0.557103064066852
"151","Chicago-Naperville-Elgin",234595,7647,3.25966026556406
"152","Chico",2804,44,1.56918687589158
"153","Chillicothe",914,27,2.95404814004376
"154","Cincinnati",31059,681,2.1926011784024
"155","Clarksburg",548,18,3.28467153284672
"156","Clarksdale",1175,30,2.5531914893617
"157","Clarksville",4912,70,1.42508143322476
"158","Clearlake",433,10,2.3094688221709
"159","Cleveland",5271,97,1.84025801555682
"160","Cleveland-Elyria",23903,885,3.70246412584194
"161","Clewiston",2076,40,1.92678227360308
"162","Clinton",1143,21,1.83727034120735
"163","Clovis",851,6,0.705052878965922
"164","Coeur d'Alene",2743,34,1.2395187750638
"165","Coffeyville",435,6,1.37931034482759
"166","Coldwater",640,5,0.78125
"167","College Station-Bryan",7113,73,1.0262898917475
"168","Colorado Springs",7139,178,2.49334640705981
"169","Columbia",32104,534,1.66334413157239
"170","Columbus",53914,1179,2.18681604036057
"171","Concord",592,23,3.88513513513514
"172","Connersville",537,14,2.60707635009311
"173","Cookeville",4500,55,1.22222222222222
"174","Coos Bay",160,0,0
"175","Cordele",571,17,2.97723292469352
"176","Corinth",834,11,1.3189448441247
"177","Cornelia",1674,67,4.00238948626045
"178","Corning",453,43,9.49227373068433
"179","Corpus Christi",17389,451,2.59359365115878
"180","Corsicana",1303,27,2.07214121258634
"181","Cortland",184,1,0.543478260869565
"182","Corvallis",328,6,1.82926829268293
"183","Coshocton",235,11,4.68085106382979
"184","Craig",43,1,2.32558139534884
"185","Crawfordsville",514,23,4.47470817120623
"186","Crescent City",144,1,0.694444444444444
"187","Crestview-Fort Walton Beach-Destin",7013,140,1.99629259945815
"188","Crossville",1223,19,1.55355682747343
"189","Cullman",1922,20,1.04058272632674
"190","Cullowhee",810,10,1.23456790123457
"191","Cumberland",648,27,4.16666666666667
"192","Dallas-Fort Worth-Arlington",171616,2432,1.41711728510162
"193","Dalton",5465,66,1.20768526989936
"194","Danville",2356,27,1.14601018675722
"195","Daphne-Fairhope-Foley",5640,52,0.921985815602837
"196","Davenport-Moline-Rock Island",6998,115,1.64332666476136
"197","Dayton",863,15,1.73812282734647
"198","Dayton-Kettering",11092,253,2.28092318788316
"199","Decatur",6119,103,1.68328158195784
"200","Defiance",334,12,3.59281437125748
"201","Del Rio",2203,104,4.7208352246936
"202","Deltona-Daytona Beach-Ormond Beach",12696,275,2.16603654694392
"203","Deming",424,7,1.65094339622642
"204","Denver-Aurora-Lakewood",40918,1348,3.29439366537954
"205","DeRidder",1013,38,3.75123395853899
"206","Des Moines-West Des Moines",21318,353,1.65587766206961
"207","Detroit-Warren-Dearborn",74217,5335,7.18838002074996
"208","Dickinson",1680,14,0.833333333333333
"209","Dixon",394,1,0.253807106598985
"210","Dodge City",2902,10,0.344589937973811
"211","Dothan",4118,31,0.752792617775619
"212","Douglas",2514,53,2.10819411296738
"213","Dover",2963,117,3.94870064124198
"214","Dublin",2337,107,4.57851946940522
"215","DuBois",330,6,1.81818181818182
"216","Dubuque",3412,42,1.23094958968347
"217","Duluth",2601,43,1.65321030372933
"218","Dumas",1183,22,1.85967878275571
"219","Duncan",455,5,1.0989010989011
"220","Durango",263,2,0.760456273764259
"221","Durant",1003,5,0.498504486540379
"222","Durham-Chapel Hill",14409,266,1.84606842945381
"223","Dyersburg",1430,17,1.18881118881119
"224","Eagle Pass",3712,124,3.34051724137931
"225","East Stroudsburg",1804,133,7.37250554323725
"226","Easton",568,6,1.05633802816901
"227","Eau Claire",2634,6,0.227790432801822
"228","Edwards",1262,10,0.792393026941363
"229","Effingham",883,3,0.339750849377123
"230","El Campo",1372,52,3.79008746355685
"231","El Centro",11908,320,2.68726906281491
"232","El Dorado",911,40,4.39077936333699
"233","El Paso",24498,529,2.15935994775084
"234","Elizabeth City",899,34,3.78197997775306
"235","Elizabethtown-Fort Knox",1702,15,0.881316098707403
"236","Elk City",567,3,0.529100529100529
"237","Elkhart-Goshen",6849,116,1.69367790918382
"238","Elkins",259,1,0.386100386100386
"239","Elko",981,10,1.01936799184506
"240","Ellensburg",543,22,4.05156537753223
"241","Elmira",510,5,0.980392156862745
"242","Emporia",1162,36,3.09810671256454
"243","Enid",1739,21,1.2075905692927
"244","Enterprise",1393,5,0.358937544867193
"245","Erie",1567,38,2.42501595405233
"246","Escanaba",560,8,1.42857142857143
"247","Española",400,13,3.25
"248","Eufaula",929,8,0.861141011840689
"249","Eugene-Springfield",1293,17,1.31477184841454
"250","Eureka-Arcata",509,8,1.57170923379175
"251","Evanston",356,2,0.561797752808989
"252","Evansville",6512,86,1.32063882063882
"253","Fairbanks",1138,11,0.966608084358524
"254","Fairfield",140,1,0.714285714285714
"255","Fairmont",747,14,1.87416331994645
"256","Fallon",154,3,1.94805194805195
"257","Fargo",6791,118,1.73759387424532
"258","Faribault-Northfield",1351,8,0.592153960029608
"259","Farmington",5492,211,3.84195193008012
"260","Fayetteville",9114,149,1.63484748738205
"261","Fayetteville-Springdale-Rogers",16709,214,1.28074690286672
"262","Fergus Falls",473,4,0.845665961945032
"263","Fernley",439,7,1.59453302961276
"264","Findlay",741,11,1.48448043184885
"265","Fitzgerald",791,24,3.03413400758533
"266","Flagstaff",4166,144,3.45655304848776
"267","Flint",4727,309,6.53691559128411
"268","Florence",7033,247,3.51201478743068
"269","Florence-Muscle Shoals",3443,60,1.74266627940749
"270","Fond du Lac",2276,14,0.615114235500879
"271","Forest City",1241,32,2.57856567284448
"272","Forrest City",1542,6,0.389105058365759
"273","Fort Collins",2636,53,2.01062215477997
"274","Fort Dodge",1318,14,1.06221547799697
"275","Fort Leonard Wood",680,5,0.735294117647059
"276","Fort Madison-Keokuk",949,10,1.05374077976818
"277","Fort Morgan",755,48,6.35761589403973
"278","Fort Payne",2461,21,0.853311661926046
"279","Fort Polk South",1069,51,4.77081384471469
"280","Fort Smith",6496,90,1.38546798029557
"281","Fort Wayne",6735,222,3.29621380846325
"282","Frankfort",1487,30,2.01748486886348
"283","Fredericksburg",314,10,3.18471337579618
"284","Freeport",548,6,1.09489051094891
"285","Fremont",1818,32,1.76017601760176
"286","Fresno",28621,390,1.36263582684043
"287","Gadsden",3575,45,1.25874125874126
"288","Gaffney",1172,39,3.32764505119454
"289","Gainesville",19683,241,1.22440684854951
"290","Galesburg",704,3,0.426136363636364
"291","Gallup",4343,257,5.91756850103615
"292","Garden City",2269,13,0.572939620978405
"293","Gardnerville Ranchos",308,1,0.324675324675325
"294","Georgetown",1909,44,2.30487166055526
"295","Gettysburg",852,26,3.05164319248826
"296","Gillette",411,1,0.24330900243309
"297","Glasgow",916,15,1.63755458515284
"298","Glens Falls",693,44,6.34920634920635
"299","Glenwood Springs",1179,7,0.593723494486853
"300","Gloversville",339,28,8.25958702064897
"301","Goldsboro",3427,69,2.01342281879195
"302","Granbury",969,28,2.88957688338493
"303","Grand Forks",2629,17,0.646633701027006
"304","Grand Island",2221,53,2.38631247185952
"305","Grand Junction",643,7,1.08864696734059
"306","Grand Rapids",356,16,4.49438202247191
"307","Grand Rapids-Kentwood",14421,251,1.74051730115803
"308","Grants",426,21,4.92957746478873
"309","Grants Pass",204,2,0.980392156862745
"310","Great Bend",507,7,1.38067061143984
"311","Great Falls",729,5,0.685871056241427
"312","Greeley",4784,151,3.15635451505017
"313","Green Bay",11350,71,0.625550660792952
"314","Greeneville",1185,46,3.88185654008439
"315","Greensboro-High Point",12911,253,1.95956935946092
"316","Greensburg",490,42,8.57142857142857
"317","Greenville",8086,152,1.87979223348998
"318","Greenville-Anderson",23949,585,2.44269071777527
"319","Greenwood",3990,167,4.18546365914787
"320","Grenada",1101,36,3.26975476839237
"321","Gulfport-Biloxi",8504,180,2.11665098777046
"322","Guymon",1563,10,0.639795265515035
"323","Hagerstown-Martinsburg",2908,55,1.89133425034388
"324","Hailey",719,6,0.834492350486787
"325","Hammond",4514,119,2.63624280017723
"326","Hanford-Corcoran",7851,104,1.32467201630366
"327","Hannibal",840,14,1.66666666666667
"328","Harrisburg-Carlisle",6001,264,4.39926678886852
"329","Harrison",1000,32,3.2
"330","Harrisonburg",1460,22,1.50684931506849
"331","Hartford-East Hartford-Middletown",17763,1697,9.55356640207172
"332","Hastings",574,12,2.09059233449477
"333","Hattiesburg",5568,156,2.80172413793103
"334","Hays",1026,5,0.487329434697856
"335","Heber",1815,8,0.440771349862259
"336","Helena",396,3,0.757575757575758
"337","Helena-West Helena",515,12,2.33009708737864
"338","Henderson",1057,44,4.16272469252602
"339","Hereford",900,22,2.44444444444444
"340","Hermiston-Pendleton",3517,47,1.33636622121126
"341","Hickory-Lenoir-Morganton",7574,119,1.57116451016636
"342","Hillsdale",358,27,7.54189944134078
"343","Hilo",730,15,2.05479452054795
"344","Hilton Head Island-Bluffton",6512,105,1.61240786240786
"345","Hinesville",1377,25,1.81554103122731
"346","Hobbs",1448,24,1.65745856353591
"347","Holland",785,7,0.89171974522293
"348","Homosassa Springs",2783,106,3.80883938196191
"349","Hood River",252,0,0
"350","Hope",606,17,2.80528052805281
"351","Hot Springs",1949,53,2.71934325295023
"352","Houghton",572,2,0.34965034965035
"353","Houma-Thibodaux",7333,239,3.25923905632074
"354","Houston-The Woodlands-Sugar Land",197513,3456,1.74975824376117
"355","Hudson",595,47,7.89915966386555
"356","Huntingdon",417,6,1.43884892086331
"357","Huntington",257,3,1.16731517509728
"358","Huntington-Ashland",3630,66,1.81818181818182
"359","Huntsville",13897,155,1.11534863639634
"360","Huron",911,10,1.09769484083425
"361","Hutchinson",1658,6,0.361881785283474
"362","Idaho Falls",3481,19,0.545820166618788
"363","Indiana",737,12,1.62822252374491
"364","Indianapolis-Carmel-Anderson",38487,1489,3.8688388286954
"365","Indianola",1491,46,3.08517773306506
"366","Iowa City",5674,38,0.669721536834684
"367","Iron Mountain",272,4,1.47058823529412
"368","Ithaca",421,0,0
"369","Jackson",26512,677,2.55356065178033
"370","Jacksonville",49279,700,1.42048337019826
"371","Jamestown",527,3,0.569259962049336
"372","Jamestown-Dunkirk-Fredonia",590,4,0.677966101694915
"373","Janesville-Beloit",2814,32,1.13717128642502
"374","Jasper",3567,107,2.99971965236894
"375","Jefferson",2024,33,1.6304347826087
"376","Jefferson City",2798,23,0.822015725518227
"377","Jennings",1249,39,3.12249799839872
"378","Jesup",1140,29,2.54385964912281
"379","Johnson City",3884,67,1.72502574665294
"380","Johnstown",591,7,1.1844331641286
"381","Jonesboro",3751,36,0.959744068248467
"382","Joplin",5419,64,1.18102971027865
"383","Kahului-Wailuku-Lahaina",391,9,2.30179028132992
"384","Kalamazoo-Portage",3053,96,3.14444808385195
"385","Kalispell",1176,19,1.6156462585034
"386","Kankakee",2776,77,2.77377521613833
"387","Kansas City",26659,381,1.42916088375408
"388","Kapaa",59,0,0
"389","Kearney",1269,6,0.472813238770686
"390","Keene",152,3,1.97368421052632
"391","Kendallville",939,33,3.51437699680511
"392","Kennett",841,8,0.951248513674197
"393","Kennewick-Richland",8918,198,2.220228750841
"394","Kerrville",592,10,1.68918918918919
"395","Ketchikan",50,0,0
"396","Key West",1847,22,1.19112073632918
"397","Kill Devil Hills",276,3,1.08695652173913
"398","Killeen-Temple",7643,106,1.38688996467356
"399","Kingsport-Bristol",4079,83,2.03481245403285
"400","Kingston",2280,84,3.68421052631579
"401","Kingsville",1005,46,4.5771144278607
"402","Kinston",1021,33,3.23212536728697
"403","Kirksville",388,0,0
"404","Klamath Falls",290,2,0.689655172413793
"405","Knoxville",16811,139,0.826839569329606
"406","Kokomo",1349,67,4.96664195700519
"407","La Crosse-Onalaska",3413,3,0.0878992089071198
"408","La Grande",445,2,0.449438202247191
"409","Laconia",148,4,2.7027027027027
"410","Lafayette",19030,442,2.32264844981608
"411","Lafayette-West Lafayette",3067,28,0.91294424519074
"412","LaGrange",4001,142,3.54911272181955
"413","Lake Charles",8117,214,2.63644203523469
"414","Lake City",3836,58,1.51199165797706
"415","Lake Havasu City-Kingman",4004,226,5.64435564435564
"416","Lakeland-Winter Haven",20032,531,2.65075878594249
"417","Lamesa",433,10,2.3094688221709
"418","Lancaster",7993,459,5.74252470912048
"419","Lansing-East Lansing",5525,105,1.90045248868778
"420","Laramie",575,0,0
"421","Laredo",13884,278,2.00230481129358
"422","Las Vegas",108,0,0
"423","Las Vegas-Henderson-Paradise",67176,1391,2.07068000476361
"424","Laurel",3111,95,3.05368048858888
"425","Laurinburg",1202,15,1.24792013311148
"426","Lawrence",2340,13,0.555555555555556
"427","Lawrenceburg",1108,14,1.26353790613718
"428","Lawton",1717,16,0.93185789167152
"429","Lebanon",3092,72,2.32858990944373
"430","Levelland",360,9,2.5
"431","Lewisburg",1263,11,0.870942201108472
"432","Lewiston",583,26,4.45969125214408
"433","Lewiston-Auburn",737,10,1.35685210312076
"434","Lewistown",229,2,0.873362445414847
"435","Lexington",1129,13,1.15146147032772
"436","Lexington-Fayette",8689,95,1.0933364023478
"437","Liberal",1669,5,0.299580587177951
"438","Lima",1479,72,4.86815415821501
"439","Lincoln",7198,28,0.388996943595443
"440","Little Rock-North Little Rock-Conway",15796,215,1.36110407698151
"441","Lock Haven",207,6,2.89855072463768
"442","Logan",2932,6,0.204638472032742
"443","Logansport",1964,10,0.509164969450102
"444","London",2206,23,1.04261106074343
"445","Longview",5195,127,2.4446583253128
"446","Los Alamos",33,0,0
"447","Los Angeles-Long Beach-Anaheim",324050,7844,2.42061410276192
"448","Louisville/Jefferson County",24150,529,2.19047619047619
"449","Lubbock",12139,134,1.10388005601779
"450","Ludington",135,0,0
"451","Lufkin",2163,83,3.83726306056403
"452","Lumberton",4624,78,1.68685121107266
"453","Lynchburg",3306,37,1.11917725347852
"454","Macomb",490,15,3.06122448979592
"455","Macon-Bibb County",7712,244,3.16390041493776
"456","Madera",4557,58,1.27276717138468
"457","Madison",12383,52,0.419930549947509
"458","Madisonville",646,39,6.03715170278638
"459","Magnolia",500,18,3.6
"460","Malone",66,1,1.51515151515152
"461","Malvern",1921,27,1.40551795939615
"462","Manchester-Nashua",4426,289,6.52959783099864
"463","Manhattan",2562,10,0.39032006245121
"464","Manitowoc",1284,4,0.311526479750779
"465","Mankato",2296,24,1.04529616724739
"466","Mansfield",949,19,2.00210748155954
"467","Marietta",263,23,8.74524714828897
"468","Marinette",1454,10,0.687757909215956
"469","Marion",5464,115,2.10468521229868
"470","Marquette",396,12,3.03030303030303
"471","Marshall",1474,13,0.881953867028494
"472","Marshalltown",1795,34,1.8941504178273
"473","Martin",1234,21,1.70178282009724
"474","Martinsville",1460,43,2.94520547945205
"475","Maryville",601,7,1.16472545757072
"476","Mason City",1183,21,1.77514792899408
"477","Mayfield",743,29,3.90309555854643
"478","Maysville",126,2,1.58730158730159
"479","McAlester",972,20,2.05761316872428
"480","McAllen-Edinburg-Mission",31835,1525,4.79032511386838
"481","McComb",1249,54,4.32345876701361
"482","McMinnville",1085,7,0.645161290322581
"483","McPherson",270,1,0.37037037037037
"484","Meadville",316,3,0.949367088607595
"485","Medford",1190,6,0.504201680672269
"486","Memphis",44599,696,1.56057310702034
"487","Menomonie",637,1,0.156985871271586
"488","Merced",8961,143,1.59580403972771
"489","Meridian",2980,189,6.34228187919463
"490","Mexico",435,5,1.14942528735632
"491","Miami",885,6,0.677966101694915
"492","Miami-Fort Lauderdale-Pompano Beach",294172,6045,2.05492025073766
"493","Michigan City-La Porte",1536,41,2.66927083333333
"494","Middlesborough",507,15,2.9585798816568
"495","Midland",4563,82,1.79706333552487
"496","Milledgeville",2521,99,3.92701309004363
"497","Milwaukee-Waukesha",43521,675,1.55097539119046
"498","Minden",1282,25,1.95007800312012
"499","Mineral Wells",581,15,2.58175559380379
"500","Minneapolis-St. Paul-Bloomington",67184,1667,2.48124553465111
"501","Minot",1280,13,1.015625
"502","Missoula",825,3,0.363636363636364
"503","Mitchell",371,2,0.539083557951482
"504","Moberly",277,2,0.72202166064982
"505","Mobile",14118,307,2.17452897010908
"506","Modesto",16512,362,2.19234496124031
"507","Monroe",9601,238,2.47890844703677
"508","Montgomery",14083,287,2.03791805723212
"509","Montrose",411,14,3.40632603406326
"510","Morehead City",727,5,0.687757909215956
"511","Morgan City",1934,77,3.98138572905895
"512","Morgantown",2206,9,0.407978241160471
"513","Morristown",3530,45,1.27478753541076
"514","Moscow",538,0,0
"515","Moses Lake",2976,22,0.739247311827957
"516","Moultrie",1895,34,1.79419525065963
"517","Mount Airy",1345,23,1.71003717472119
"518","Mount Gay-Shamrock",622,42,6.7524115755627
"519","Mount Pleasant",2545,53,2.08251473477407
"520","Mount Sterling",432,4,0.925925925925926
"521","Mount Vernon",934,53,5.6745182012848
"522","Mount Vernon-Anacortes",1111,22,1.98019801980198
"523","Mountain Home",727,5,0.687757909215956
"524","Muncie",2046,63,3.0791788856305
"525","Murray",614,8,1.30293159609121
"526","Muscatine",1131,55,4.86295313881521
"527","Muskegon",1558,70,4.49293966623877
"528","Muskogee",1854,23,1.24056094929881
"529","Myrtle Beach-Conway-North Myrtle Beach",12058,224,1.85768784209653
"530","Nacogdoches",1626,63,3.87453874538745
"531","Napa",1724,13,0.754060324825986
"532","Naples-Marco Island",12751,221,1.73319739628264
"533","Nashville-Davidson--Murfreesboro--Franklin",60978,715,1.17255403588179
"534","Natchez",1462,51,3.48837209302326
"535","Natchitoches",1176,26,2.2108843537415
"536","New Bern",2112,52,2.46212121212121
"537","New Castle",1373,49,3.56882738528769
"538","New Haven-Milford",14477,1115,7.70187193479312
"539","New Orleans-Metairie",43675,1660,3.80080137378363
"540","New Philadelphia-Dover",950,20,2.10526315789474
"541","New Ulm",199,2,1.00502512562814
"542","New York-Newark-Jersey City",556299,43438,7.80839081141616
"543","Newberry",1273,27,2.1209740769835
"544","Newport",1240,23,1.85483870967742
"545","Niles",1908,74,3.87840670859539
"546","Nogales",2849,63,2.21130221130221
"547","Norfolk",997,13,1.30391173520562
"548","North Platte",451,4,0.886917960088692
"549","North Port-Sarasota-Bradenton",19768,549,2.77721570214488
"550","North Vernon",321,14,4.3613707165109
"551","North Wilkesboro",1258,34,2.7027027027027
"552","Norwalk",588,7,1.19047619047619
"553","Norwich-New London",2053,117,5.69897710667316
"554","Oak Harbor",314,12,3.82165605095541
"555","Ocala",9774,290,2.9670554532433
"556","Ocean City",1023,97,9.48191593352884
"557","Odessa",3162,84,2.65654648956357
"558","Ogden-Clearfield",10301,66,0.640714493738472
"559","Ogdensburg-Massena",327,4,1.22324159021407
"560","Oil City",88,1,1.13636363636364
"561","Okeechobee",1575,27,1.71428571428571
"562","Oklahoma City",29941,312,1.04204936374871
"563","Olean",276,8,2.89855072463768
"564","Olympia-Lacey-Tumwater",1109,18,1.62308385933273
"565","Omaha-Council Bluffs",23998,261,1.08759063255271
"566","Oneonta",341,4,1.17302052785924
"567","Ontario",2560,39,1.5234375
"568","Opelousas",3314,124,3.74170187085094
"569","Orangeburg",3134,126,4.02042118698149
"570","Orlando-Kissimmee-Sanford",69524,1018,1.464242563719
"571","Oshkosh-Neenah",4292,28,0.65237651444548
"572","Oskaloosa",428,20,4.67289719626168
"573","Othello",866,10,1.15473441108545
"574","Ottawa",2885,72,2.49566724436742
"575","Ottumwa",1341,57,4.25055928411633
"576","Owatonna",560,2,0.357142857142857
"577","Owensboro",1600,15,0.9375
"578","Oxford",2212,40,1.80831826401447
"579","Oxnard-Thousand Oaks-Ventura",12787,152,1.1887072808321
"580","Ozark",1418,44,3.10296191819464
"581","Paducah",1016,14,1.37795275590551
"582","Pahrump",513,15,2.92397660818713
"583","Palatka",2141,40,1.8682858477347
"584","Palestine",2829,32,1.13114174620007
"585","Palm Bay-Melbourne-Titusville",9049,298,3.29318156702398
"586","Pampa",328,6,1.82926829268293
"587","Panama City",6124,108,1.76355323318093
"588","Paragould",909,10,1.1001100110011
"589","Paris",1860,45,2.41935483870968
"590","Parkersburg-Vienna",387,6,1.55038759689922
"591","Parsons",246,4,1.6260162601626
"592","Payson",1346,56,4.16047548291233
"593","Pearsall",979,9,0.919305413687436
"594","Pecos",200,6,3
"595","Pella",775,8,1.03225806451613
"596","Pensacola-Ferry Pass-Brent",17707,312,1.76201502230756
"597","Peoria",6153,88,1.43019665203966
"598","Peru",444,4,0.900900900900901
"599","Philadelphia-Camden-Wilmington",106107,6206,5.84881299066037
"600","Phoenix-Mesa-Chandler",152498,3600,2.36068669753046
"601","Picayune",914,53,5.79868708971554
"602","Pierre",501,5,0.998003992015968
"603","Pine Bluff",5604,106,1.89150606709493
"604","Pinehurst-Southern Pines",1722,33,1.91637630662021
"605","Pittsburg",1098,8,0.728597449908925
"606","Pittsburgh",20258,619,3.05558297956363
"607","Pittsfield",759,50,6.58761528326746
"608","Plainview",1909,55,2.88108957569408
"609","Platteville",1102,19,1.72413793103448
"610","Plattsburgh",162,5,3.08641975308642
"611","Plymouth",1029,24,2.33236151603499
"612","Pocatello",1335,6,0.449438202247191
"613","Point Pleasant",351,19,5.41310541310541
"614","Ponca City",637,13,2.04081632653061
"615","Pontiac",408,6,1.47058823529412
"616","Poplar Bluff",784,7,0.892857142857143
"617","Port Angeles",235,1,0.425531914893617
"618","Port Lavaca",823,8,0.972053462940462
"619","Port St. Lucie",13018,425,3.26471040098325
"620","Portales",285,4,1.40350877192982
"621","Portland-South Portland",3599,86,2.38955265351487
"622","Portland-Vancouver-Hillsboro",18691,345,1.8458081429565
"623","Portsmouth",539,7,1.2987012987013
"624","Pottsville",1188,52,4.37710437710438
"625","Poughkeepsie-Newburgh-Middletown",17280,569,3.29282407407407
"626","Prescott Valley-Prescott",2566,82,3.19563522992985
"627","Price",129,0,0
"628","Prineville",63,1,1.58730158730159
"629","Providence-Warwick",33410,1793,5.36665668961389
"630","Provo-Orem",19503,59,0.30251756140081
"631","Pueblo",1129,37,3.27723649247121
"632","Pullman",1319,0,0
"633","Punta Gorda",3082,136,4.41271901362751
"634","Quincy",1306,12,0.918836140888208
"635","Racine",5462,98,1.79421457341633
"636","Raleigh-Cary",23547,333,1.41419289081412
"637","Rapid City",2965,42,1.41652613827993
"638","Raymondville",1198,50,4.17362270450751
"639","Reading",7186,395,5.49679933203451
"640","Red Bluff",581,5,0.860585197934596
"641","Red Wing",392,9,2.29591836734694
"642","Redding",875,20,2.28571428571429
"643","Reno",9552,159,1.66457286432161
"644","Rexburg",1064,5,0.469924812030075
"645","Richmond",18300,482,2.63387978142076
"646","Richmond-Berea",1975,7,0.354430379746835
"647","Rio Grande City-Roma",3432,169,4.92424242424242
"648","Riverside-San Bernardino-Ontario",114608,2181,1.90300851598492
"649","Riverton",741,14,1.88933873144399
"650","Roanoke",3682,56,1.52091254752852
"651","Roanoke Rapids",1508,36,2.38726790450928
"652","Rochelle",748,6,0.802139037433155
"653","Rochester",10645,386,3.62611554720526
"654","Rock Springs",339,2,0.589970501474926
"655","Rockford",7453,174,2.33463035019455
"656","Rockingham",1037,17,1.63934426229508
"657","Rockport",323,18,5.57275541795666
"658","Rocky Mount",3817,90,2.35787267487556
"659","Rolla",472,12,2.54237288135593
"660","Rome",3219,45,1.39794967381174
"661","Roseburg",243,4,1.64609053497942
"662","Roswell",1222,12,0.981996726677578
"663","Ruidoso",215,3,1.3953488372093
"664","Russellville",3425,62,1.81021897810219
"665","Ruston",1353,48,3.54767184035477
"666","Rutland",131,1,0.763358778625954
"667","Sacramento-Roseville-Folsom",30225,524,1.73366418527709
"668","Safford",851,25,2.93772032902468
"669","Saginaw",3003,140,4.66200466200466
"670","Salem",7273,191,2.62615151931803
"671","Salina",834,11,1.3189448441247
"672","Salinas",10087,73,0.723703777138892
"673","Salisbury",10135,286,2.82190429205723
"674","Salt Lake City",32593,253,0.776240296996287
"675","San Angelo",2289,69,3.01441677588467
"676","San Antonio-New Braunfels",67944,1611,2.37107029318262
"677","San Diego-Chula Vista-Carlsbad",47180,783,1.65960152607037
"678","San Francisco-Oakland-Berkeley",66233,992,1.49774281702475
"679","San Jose-Sunnyvale-Santa Clara",22689,333,1.4676715589052
"680","San Luis Obispo-Paso Robles",3612,31,0.858250276854928
"681","Sandpoint",340,0,0
"682","Sandusky",966,48,4.96894409937888
"683","Sanford",1671,15,0.897666068222621
"684","Santa Cruz-Watsonville",2394,10,0.417710944026733
"685","Santa Fe",1028,6,0.583657587548638
"686","Santa Maria-Santa Barbara",9164,113,1.23308598865124
"687","Santa Rosa-Petaluma",7412,122,1.64597949271452
"688","Sault Ste. Marie",80,0,0
"689","Savannah",11118,197,1.77190142111891
"690","Sayre",168,5,2.97619047619048
"691","Scottsbluff",433,8,1.84757505773672
"692","Scottsboro",1611,12,0.74487895716946
"693","Scottsburg",402,13,3.23383084577114
"694","Scranton--Wilkes-Barre",6807,414,6.08197443807845
"695","Searcy",898,29,3.2293986636971
"696","Seattle-Tacoma-Bellevue",37421,1178,3.14796504636434
"697","Sebastian-Vero Beach",3254,118,3.62630608481868
"698","Sebring-Avon Park",2177,89,4.08819476343592
"699","Sedalia",1152,12,1.04166666666667
"700","Selinsgrove",342,6,1.75438596491228
"701","Selma",1799,26,1.44524735964425
"702","Seneca",1697,28,1.64997053624042
"703","Seneca Falls",107,1,0.934579439252336
"704","Sevierville",2677,15,0.560328726186029
"705","Seymour",783,11,1.40485312899106
"706","Shawano",1108,1,0.0902527075812274
"707","Shawnee",1404,10,0.712250712250712
"708","Sheboygan",1881,18,0.956937799043062
"709","Shelby",2290,65,2.83842794759825
"710","Shelbyville",1380,17,1.23188405797101
"711","Shelton",406,5,1.23152709359606
"712","Sheridan",296,4,1.35135135135135
"713","Sherman-Denison",1908,47,2.46331236897275
"714","Show Low",5801,235,4.05102568522669
"715","Shreveport-Bossier City",12892,503,3.90164443065467
"716","Sidney",680,10,1.47058823529412
"717","Sierra Vista-Douglas",1911,72,3.76766091051805
"718","Sikeston",890,16,1.79775280898876
"719","Silver City",124,2,1.61290322580645
"720","Sioux City",8350,120,1.43712574850299
"721","Sioux Falls",8498,86,1.01200282419393
"722","Snyder",646,4,0.619195046439629
"723","Somerset",1028,13,1.26459143968872
"724","Sonora",227,4,1.76211453744493
"725","South Bend-Mishawaka",7393,139,1.88015690518058
"726","Spartanburg",6974,199,2.85345569257241
"727","Spearfish",428,5,1.16822429906542
"728","Spencer",343,4,1.16618075801749
"729","Spirit Lake",542,6,1.1070110701107
"730","Spokane-Spokane Valley",7176,172,2.39687848383501
"731","Springfield",24421,1155,4.7295360550346
"732","St. Cloud",4687,28,0.59739705568594
"733","St. George",3370,28,0.830860534124629
"734","St. Joseph",2601,32,1.23029603998462
"735","St. Louis",54369,1423,2.6173002998032
"736","St. Marys",1376,15,1.09011627906977
"737","Starkville",2158,65,3.01204819277108
"738","State College",2710,11,0.40590405904059
"739","Statesboro",2890,28,0.968858131487889
"740","Staunton",1051,10,0.951474785918173
"741","Steamboat Springs",159,8,5.0314465408805
"742","Stephenville",883,12,1.35900339750849
"743","Sterling",1666,27,1.62064825930372
"744","Stevens Point",1552,6,0.38659793814433
"745","Stillwater",2309,7,0.303161541792984
"746","Stockton",20411,456,2.23408946156484
"747","Storm Lake",2004,12,0.598802395209581
"748","Sturgis",807,11,1.36307311028501
"749","Sulphur Springs",364,8,2.1978021978022
"750","Summerville",784,22,2.80612244897959
"751","Sumter",4344,145,3.33793738489871
"752","Sunbury",1067,63,5.90440487347704
"753","Susanville",741,0,0
"754","Sweetwater",262,5,1.90839694656489
"755","Syracuse",5424,194,3.57669616519174
"756","Tahlequah",1105,8,0.723981900452489
"757","Talladega-Sylacauga",2190,30,1.36986301369863
"758","Tallahassee",15180,143,0.942028985507246
"759","Tampa-St. Petersburg-Clearwater",76926,1734,2.25411434365494
"760","Taos",146,4,2.73972602739726
"761","Taylorville",565,11,1.94690265486726
"762","Terre Haute",2822,48,1.70092133238838
"763","Texarkana",2626,90,3.42726580350343
"764","The Dalles",296,4,1.35135135135135
"765","The Villages",2313,70,3.02637267617812
"766","Thomaston",799,62,7.75969962453066
"767","Thomasville",1497,64,4.2752171008684
"768","Tiffin",497,14,2.8169014084507
"769","Tifton",1803,57,3.16139767054908
"770","Toccoa",1083,38,3.50877192982456
"771","Toledo",10149,468,4.61129175288206
"772","Topeka",3434,39,1.13570180547467
"773","Torrington",1884,141,7.48407643312102
"774","Traverse City",781,16,2.04865556978233
"775","Trenton-Princeton",8663,636,7.34156758628651
"776","Troy",1220,11,0.901639344262295
"777","Truckee-Grass Valley",541,7,1.29390018484288
"778","Tucson",25628,620,2.4192289683159
"779","Tullahoma-Manchester",2500,25,1
"780","Tulsa",24050,302,1.25571725571726
"781","Tupelo",5979,127,2.1241010202375
"782","Tuscaloosa",10660,176,1.65103189493433
"783","Twin Falls",3159,45,1.42450142450142
"784","Tyler",3819,106,2.77559570568212
"785","Ukiah",954,18,1.88679245283019
"786","Union",575,12,2.08695652173913
"787","Union City",1220,11,0.901639344262295
"788","Urban Honolulu",11197,111,0.991336965258551
"789","Urbana",314,3,0.955414012738854
"790","Utica-Rome",2774,133,4.79452054794521
"791","Uvalde",790,34,4.30379746835443
"792","Valdosta",4979,115,2.30970074312111
"793","Vallejo",6419,69,1.07493379031002
"794","Van Wert",128,3,2.34375
"795","Vermillion",568,6,1.05633802816901
"796","Vernal",111,1,0.900900900900901
"797","Vernon",209,2,0.956937799043062
"798","Vicksburg",1418,50,3.52609308885755
"799","Victoria",4224,102,2.41477272727273
"800","Vidalia",1642,54,3.28867235079172
"801","Vincennes",545,10,1.8348623853211
"802","Vineland-Bridgeton",3802,160,4.20831141504471
"803","Vineyard Haven",80,0,0
"804","Virginia Beach-Norfolk-Newport News",5971,121,2.02646122927483
"805","Visalia",16267,263,1.6167701481527
"806","Wabash",279,8,2.8673835125448
"807","Waco",8410,110,1.30796670630202
"808","Wahpeton",314,4,1.27388535031847
"809","Walla Walla",914,5,0.547045951859956
"810","Wapakoneta",634,13,2.05047318611987
"811","Warner Robins",3833,106,2.76545786590138
"812","Warren",44,1,2.27272727272727
"813","Warrensburg",974,5,0.513347022587269
"814","Warsaw",1321,19,1.43830431491294
"815","Washington",1667,56,3.35932813437313
"816","Washington-Arlington-Alexandria",112665,3149,2.795011760529
"817","Washington Court House",245,6,2.44897959183673
"818","Waterloo-Cedar Falls",5284,103,1.94928084784254
"819","Watertown",995,6,0.603015075376884
"820","Watertown-Fort Atkinson",1592,8,0.50251256281407
"821","Watertown-Fort Drum",172,1,0.581395348837209
"822","Wauchula",1366,11,0.805270863836018
"823","Wausau-Weston",1908,16,0.838574423480084
"824","Waycross",2121,80,3.77180575200377
"825","Weatherford",718,0,0
"826","Weirton-Steubenville",609,5,0.821018062397373
"827","Wenatchee",3043,25,0.821557673348669
"828","West Plains",664,3,0.451807228915663
"829","West Point",599,19,3.17195325542571
"830","Wheeling",1277,34,2.66249021143305
"831","Whitewater",2784,35,1.25718390804598
"832","Wichita",10656,107,1.00412912912913
"833","Wichita Falls",2005,27,1.34663341645885
"834","Williamsport",709,26,3.66713681241185
"835","Williston",1086,7,0.644567219152855
"836","Willmar",1057,3,0.283822138126774
"837","Wilmington",5630,52,0.923623445825932
"838","Wilson",2275,53,2.32967032967033
"839","Winchester",1515,18,1.18811881188119
"840","Winfield",389,5,1.2853470437018
"841","Winnemucca",129,4,3.10077519379845
"842","Winona",923,18,1.9501625135428
"843","Winston-Salem",11700,159,1.35897435897436
"844","Wisconsin Rapids-Marshfield",906,5,0.551876379690949
"845","Woodward",1112,4,0.359712230215827
"846","Wooster",950,68,7.15789473684211
"847","Worcester",16106,1131,7.02222774121445
"848","Worthington",1979,16,0.808489135927236
"849","Yakima",11431,262,2.29201294724871
"850","Yankton",435,4,0.919540229885057
"851","York-Hanover",4941,159,3.21797207043109
"852","Youngstown-Warren-Boardman",5801,434,7.48146871229098
"853","Yuba City",2892,19,0.656984785615491
"854","Yuma",12730,345,2.71013354281225
"855","Zanesville",482,3,0.622406639004149
"856","Zapata",333,6,1.8018018018018
