"MMSA_NAME","CASES","DEATHS","death_rate","MMSA_Number","BMI_.kg.m2.","underweight","normalweight","overweight","obese","extremeobesity","Gen_Hlth_good","Gen_Hlth_bad","Gen_Hlth_unkn","Insured","Uninsured","Unkn_insurance","HD_yes","HD_no","Unkn_HD","cancer_yes","cancer_no","Unkn_cancer","KD_yes","KD_no","Unkn_KD","Diabetes_yes","Diabetes_no","Unkn_Diabetes","Smoke_yes","Smoke_no","Unkn_Smoke","age_30minus","age_30_40","age_40_50","age_50_60","age_60_70","age_70plus"
"Aberdeen, SD",1338,4,0.298953662182362,10100,28.3217569232089,0.0137178179570792,0.266791971661449,0.431910006577401,0.241372270347695,0.0462079334563765,0.85845039337215,0.136987252202334,0.00456235442551514,0.904412977538378,0.0875065698051123,0.0080804526565097,0.0513399017911007,0.940487556373584,0.00817254183531525,0.0880155293034245,0.91076875757884,0.00121571311773582,0.0252776911738874,0.97361525181372,0.00110705701239218,0.118001455596101,0.880065911060603,0.00193263334329572,0.809541954518919,0.161687888689732,0.0287701567913493,0.185264886922534,0.188773900642194,0.125166112845161,0.18317759911066,0.149285528185065,0.168331972294385
"Akron, OH",6615,319,4.82237339380197,10420,27.8600206610428,0.0360680763867553,0.302322136055948,0.380177697844795,0.240624587257817,0.0408075024546855,0.822000578059628,0.175952540146682,0.00204688179369059,0.916040702478906,0.0784708567000124,0.00548844082108155,0.0379162890339317,0.954772259621556,0.00731145134451251,0.071616974084841,0.924184822525129,0.00419820339002953,0.0286882976539419,0.96910483372109,0.00220686862496798,0.111698242992596,0.888079277988645,0.00022247901875945,0.731152591904532,0.231553894115327,0.0372935139801402,0.205056015319071,0.158433333286481,0.151519291165352,0.18866574556721,0.157929359039131,0.138396255622755
"Albany-Schenectady-Troy, NY",6600,228,3.45454545454545,10580,27.6213467972446,0.0153067482518884,0.319110860637885,0.40720230053903,0.222284121676834,0.0360959688943624,0.852244755339621,0.144776515098603,0.00297872956177594,0.942406905919935,0.0531886950303571,0.00440439904970827,0.0440089321937536,0.953252884159173,0.00273818364707389,0.0722327577671418,0.924526768133149,0.00324047409970951,0.0234842201631781,0.974260347247798,0.00225543258902362,0.114971723856932,0.883504628706759,0.00152364743630959,0.800502808467765,0.144743395424936,0.0547537961072991,0.200169771171685,0.163886717989745,0.153508933342575,0.185639330452739,0.16234976823655,0.134445478806707
"Albuquerque, NM",8643,224,2.59169269929423,10740,27.5060186061621,0.0160503721102406,0.326552174749346,0.409349014923305,0.211320265643902,0.0367281725732067,0.807081311762092,0.191655036982872,0.00126365125503629,0.866996403176028,0.127923489388749,0.00508010743522256,0.0321447196989272,0.962722689059036,0.005132591242037,0.0649588892819989,0.934295373430032,0.000745737287968785,0.0291523052881014,0.969276847728187,0.00157084698371195,0.13123635361389,0.868228598297486,0.000535048088623554,0.782651098499951,0.170998422767698,0.0463504787323511,0.209916842921969,0.173786488498165,0.15985134257216,0.178149910719826,0.151923922131012,0.126371493156868
"Allentown-Bethlehem-Easton, PA-NJ",12125,857,7.0680412371134,10900,28.0193708011442,0.0168076725551447,0.296314735218829,0.393872927972776,0.248097854049156,0.0449068102040948,0.820697388890664,0.17501560726461,0.00428700384472563,0.902825148037539,0.0887596763945629,0.00841517556789778,0.0466594692004302,0.946045741737474,0.00729478906209578,0.0784949771257079,0.920922507299095,0.000582515575197277,0.0248181376099115,0.974298398396384,0.00088346399370456,0.140019073883173,0.857956843201365,0.00202408291546233,0.777623432546462,0.177516113365379,0.0448604540881585,0.191974903515154,0.138421946046286,0.165980385321104,0.200970431572529,0.148201176635194,0.154451156909734
"Anchorage, AK",624,2,0.320512820512821,11260,28.0202024407447,0.0126410691552311,0.311092086126185,0.383963989870321,0.247607187437857,0.0446956674104063,0.853152643854077,0.145095783042637,0.00175157310328651,0.857729520064545,0.135716546843167,0.00655393309228818,0.0278044884196494,0.966702155450386,0.00549335612996451,0.0626217172425877,0.935174999686935,0.00220328307047786,0.0229691388057356,0.974631474591807,0.00239938660245745,0.10492195245115,0.894657456879872,0.000420590668978049,0.791553820714979,0.171515658421506,0.0369305208635152,0.248744640747117,0.195042516536995,0.152576532537477,0.187503495568471,0.134137444929137,0.0819953696808033
"Augusta-Richmond County, GA-SC",17659,355,2.0103063593635,12260,28.1795541238058,0.0179015742823939,0.290619972837431,0.396362057207647,0.248120802454213,0.0469955932183152,0.806033312797787,0.192718352487241,0.00124833471497225,0.84427285422946,0.148171613817897,0.00755553195264352,0.0504988489560038,0.935158458645249,0.0143426923987468,0.0627699067059484,0.935169718226695,0.00206037506735617,0.0328528466108842,0.963205480988539,0.00394167240057694,0.166475390284774,0.829789622178797,0.00373498753642906,0.780415763277307,0.180629900030273,0.0389543366924199,0.211473685804079,0.160493537857476,0.171192797717303,0.160810673484797,0.17345802401083,0.122571281125516
"Baltimore-Columbia-Towson, MD",38922,1232,3.16530496891218,12580,27.9417221276131,0.0178918841236378,0.303218152820117,0.401143222741051,0.23349276295908,0.0442539773561142,0.848817993269251,0.14907688758743,0.00210511914331854,0.918408006472306,0.0749151501684828,0.00667684335921103,0.0364078634487179,0.957282455214991,0.00630968133629122,0.0649791115000671,0.931959264097933,0.00306162440200002,0.0266752570831658,0.971001353480643,0.00232338943619164,0.130097691365823,0.866971819753251,0.00293048888092615,0.798439580822687,0.157996471539961,0.0435639476373521,0.20412310801551,0.169151022701513,0.163868404884462,0.189115723926098,0.146666849348172,0.127074891124246
"Baton Rouge, LA",29817,880,2.95133648589731,12940,28.4707712351646,0.0192001236746678,0.294187792936999,0.36874822365913,0.256085669404188,0.0617781903250147,0.80242613784606,0.196572153632789,0.000650088624147172,0.843983166961502,0.14415295314873,0.0115122599927648,0.0495474716499016,0.944655602691967,0.00544530576112764,0.0606769680505433,0.936391184380035,0.00258022767241884,0.0245553913106697,0.97392864230933,0.00116434648299734,0.154393796566196,0.842846047576354,0.00240853596044715,0.758246935519929,0.196931345509217,0.0444700990738513,0.244634882891462,0.176790912295407,0.158496532962163,0.172495761163817,0.136691355328616,0.110538935461531
"Beckley, WV",1158,22,1.89982728842832,13220,29.4187302342733,0.0105483061781322,0.234162473084695,0.339478207027729,0.359326438844357,0.0564845748650869,0.676021722488652,0.313997071633371,0.00998120587797728,0.90773301046501,0.0850780914028126,0.00718889813217786,0.0952581962659551,0.889050636821261,0.0156911669127838,0.0804977285576881,0.915534667865728,0.00396760357658379,0.0467337944285026,0.950481400010257,0.00278480556124014,0.192467630355959,0.805033337293725,0.00249903235031632,0.70068033810381,0.287481151138489,0.0118385107577007,0.168712718472668,0.165375786400196,0.137034112381198,0.174492240131076,0.200224667368459,0.154160475246403
"Billings, MT",3530,70,1.98300283286119,13740,27.6901066218461,0.0174907997325672,0.304413539311034,0.426920702342329,0.213031802932721,0.0381431556813481,0.836945419171616,0.16068921982747,0.00236536100091378,0.880112102162707,0.116252811245575,0.00363508659171763,0.0391477017220014,0.954138769904742,0.00671352837325701,0.0828341147217806,0.912682127495272,0.00448375778294772,0.0258858106202508,0.971538982119726,0.00257520726002307,0.10840524513738,0.891070142879984,0.000524611982636263,0.784904198434763,0.184712304619037,0.0303834969462,0.194347978576872,0.164816804156837,0.154488184462543,0.181917061123313,0.153963708025472,0.150466263654962
"Binghamton, NY",1922,106,5.51508844953174,13780,27.5868308618153,0.0304468859598724,0.345489286371908,0.344402224583359,0.236074958099022,0.0435866449858392,0.804821687329507,0.191718424502278,0.00345988816821507,0.938269688899821,0.0507263896753387,0.0110039214248406,0.0597206436867987,0.929551349301459,0.0107280070117426,0.0916192410337722,0.907897066372864,0.000483692593363838,0.027719846946569,0.970948858465133,0.00133129458829763,0.119940197732526,0.877469859350867,0.00258994291660713,0.72157960321851,0.219438334765394,0.0589820620160959,0.209914919037299,0.144253072956735,0.150085151820465,0.161756125058169,0.171340687920217,0.162650043207115
"Birmingham-Hoover, AL",32666,494,1.51227576072981,13820,28.5048368486849,0.016911994581076,0.292121928848596,0.360034957257766,0.276665829641569,0.054265289670993,0.795463452194453,0.202171636947057,0.00236491085849081,0.867235962948333,0.128578355218383,0.00418568183328361,0.0495401862615339,0.943508198703325,0.00695161503514129,0.0683589764062776,0.930239651419088,0.00140137217463413,0.0351907681923256,0.961972472818574,0.00283675898910057,0.152637637521984,0.846455461022663,0.00090690145535301,0.771210760825493,0.193018159929994,0.0357710792445131,0.195509650606165,0.173463270238686,0.163822049213301,0.17639003381461,0.162640222471869,0.12817477365537
"Bismarck, ND",5146,76,1.47687524290711,13900,27.9637095086287,0.0129788706602363,0.285729528623397,0.409867603400584,0.256425959410076,0.0349980379057076,0.860943770265504,0.136332202758108,0.00272402697638782,0.911118073008335,0.0841882035808841,0.0046937234107804,0.0382055899125108,0.955963684020994,0.00583072606649509,0.0702776467628506,0.927384635496607,0.00233771774054286,0.0241234019093668,0.974233055531904,0.00164354255872951,0.10157458252742,0.897730272106495,0.00069514536608417,0.767835695430502,0.193101597393695,0.0390627071758028,0.202903000464249,0.19539146118918,0.132271560386887,0.181981503634299,0.153510227740327,0.133942246585057
"Boise City, ID",22155,260,1.17354998871587,14260,27.652004047968,0.0137146529737676,0.315978517198728,0.401582164119927,0.231675466173093,0.0370491995344842,0.869208306904602,0.128329022712926,0.00246267038247213,0.835929795025277,0.158840017537767,0.00523018743695591,0.0340334075382408,0.961798092792125,0.00416849966963388,0.0606444244964115,0.938203590468565,0.00115198503502396,0.018769816464851,0.979566611427414,0.00166357210773536,0.101982307280872,0.897280021597926,0.000737671121202874,0.824073171823938,0.135892289733324,0.040034538442738,0.204127056678092,0.189780854339864,0.181757335325163,0.15649762020018,0.152668494149674,0.115168639307028
"Burlington-South Burlington, VT",981,46,4.68909276248726,15540,26.9607344069194,0.0157554737573849,0.380124341221282,0.385679535898661,0.184260516589257,0.0341801325334157,0.897192528984162,0.10193076406294,0.000876706952897454,0.94133866297528,0.052166936187152,0.00649440083756787,0.0318011060306799,0.962599006455651,0.00559988751366915,0.0649867777797628,0.932655804735681,0.00235741748455638,0.0231591116270952,0.974985417566309,0.00185547080659548,0.0810824401762926,0.918180716260246,0.000736843563461584,0.822779646149089,0.138175256070813,0.0390450977800978,0.237056081990903,0.157058810707076,0.163700932676032,0.179429424697266,0.145195470991083,0.117559278937639
"Cedar Rapids, IA",4802,118,2.457309454394,16300,28.3521689989139,0.0102699406832544,0.284481698290884,0.38991917316648,0.266620171197539,0.0487090166618428,0.8655014192613,0.132827787643856,0.00167079309484408,0.920553385503694,0.0724280638463126,0.00701855064999311,0.0389931225368383,0.952418484764586,0.00858839269857548,0.0773093075100037,0.920101909483941,0.00258878300605567,0.0231689347294669,0.973790816673539,0.00304024859699426,0.116358010534119,0.882717493570711,0.000924495895170167,0.795741695565493,0.177468022222236,0.0267902822122708,0.214263318646369,0.148139673508509,0.174202180440068,0.177794644992068,0.151505469036113,0.134094713376873
"Charleston-North Charleston, SC",25597,442,1.72676485525648,16700,27.8631984285499,0.0145880485081413,0.318648361787879,0.382044209387385,0.244117038300796,0.0406023420157992,0.837807123145588,0.160046426950951,0.00214644990346132,0.843397248694549,0.150832214420827,0.00577053688462416,0.0326392543630353,0.959820945090998,0.00753980054596673,0.0634102996576828,0.934774583888728,0.00181511645358892,0.0239740976351605,0.973886283736016,0.00213961862882394,0.129942598540599,0.868035226682804,0.00202217477659737,0.783795062181466,0.183193188065732,0.0330117497528024,0.217609841641761,0.184799957038123,0.163672502336658,0.17114955430119,0.147226466697512,0.115541677984755
"Charleston, WV",3459,109,3.15119976871928,16620,28.9344419369177,0.0125874462484613,0.252173475038985,0.387343773763254,0.284261925310778,0.0636333796385226,0.740321986918804,0.257969601624769,0.00170841145642688,0.899542271149206,0.0974463802529478,0.00301134859784655,0.0803329633000809,0.911073000109578,0.00859403659034091,0.0792337714581079,0.918389326787006,0.00237690175488598,0.0449685894857715,0.949908779740043,0.00512263077418563,0.187842769775542,0.811424963797473,0.000732266426985202,0.732865604367205,0.250304283478706,0.0168301121540883,0.166413791116451,0.148283856243854,0.164118840992197,0.18134384761587,0.189484882514743,0.150354781516885
"Charlotte-Concord-Gastonia, NC-SC",60724,875,1.44094591924116,16740,27.9235199085318,0.0126969704825777,0.304616204148632,0.407005595401647,0.230829334240042,0.0448518957271007,0.826641271339411,0.169969826002334,0.00338890265825496,0.84141371365559,0.152470539332453,0.00611574701195663,0.0382909423570373,0.95472511888142,0.00698393876154288,0.0639644263824806,0.934119189706955,0.00191638391056404,0.0291223834727581,0.968611021670301,0.00226659485694125,0.128803393384339,0.868964906878499,0.00223169973716195,0.801472298673338,0.166563859565327,0.0319638417613348,0.205242503454047,0.18027488890673,0.193178287417508,0.172457682639293,0.138626886911222,0.1102197506712
"Chattanooga, TN-GA",13548,163,1.20312961322704,16860,28.2148824250498,0.0115624612927436,0.291845134651656,0.413743731189972,0.225580304008282,0.0572683688573456,0.775173295105197,0.224354080454391,0.000472624440412792,0.849333719495002,0.148786809675308,0.00187947082969009,0.0548122408884356,0.931432927830425,0.0137548312811391,0.0700593759365955,0.929628082212088,0.000312541851316539,0.0296888148188824,0.968668326468314,0.00164285871280344,0.198976525970421,0.798796481599523,0.00222699243005595,0.73849350304223,0.215612644265815,0.0458938526919556,0.171632122107001,0.171880267157785,0.162998888660982,0.184058358429379,0.162731631223418,0.146698732421434
"Chicago-Naperville-Elgin, IL-IN-WI",234595,7647,3.25966026556406,16980,27.8059567924251,0.018384165682802,0.323591110330742,0.378206116663801,0.238160484096449,0.0416581232262066,0.827019153485133,0.172205080517495,0.000775765997372336,0.867265069948678,0.129451313689098,0.00328361636222323,0.0347228825509477,0.961578319473614,0.00369879797543775,0.0575709440245989,0.941521091047247,0.000907964928153925,0.0267504069656648,0.97129515273913,0.00195444029520501,0.116635653026771,0.882509920354868,0.00085442661836102,0.814475144312601,0.144979318156631,0.040545537530768,0.209126206589282,0.184692224853436,0.167490487143499,0.184273203799296,0.139599279117454,0.114818598497034
"Cincinnati, OH-KY-IN",31059,681,2.1926011784024,17140,28.0058856307727,0.016786768555648,0.304664348954973,0.388213726898844,0.247551349742517,0.0427838058480173,0.828344942375205,0.169934484112883,0.00166387234440928,0.89915974312937,0.0948249551736032,0.00595860052952363,0.0477373947326664,0.944768284214441,0.00743761988538896,0.0634483547821924,0.935020194255141,0.00147474979516337,0.0313552227558543,0.965991257305054,0.00259681877158877,0.124180978939799,0.87456527698007,0.00119704291262858,0.749549544840646,0.21702432013102,0.0333694338608305,0.204019817762411,0.164499642619664,0.167622977872463,0.192735908339223,0.14647223225019,0.124592719988545
"Cleveland-Elyria, OH",23903,885,3.70246412584194,17460,27.9755182580755,0.0154329820579192,0.309543725177757,0.397747605899047,0.228682743147266,0.048592943718011,0.821658097099773,0.175032439929917,0.00330946297030981,0.917017023945771,0.0810452919891849,0.00193768406504423,0.0433134934414063,0.950757721309846,0.00592878524874747,0.0654497908810883,0.931259160972254,0.00329104814665737,0.0263940836246756,0.970624024176896,0.00298189219842789,0.132653409294356,0.865253817427989,0.0020927732776558,0.754763427277609,0.204717742798408,0.0405188299239828,0.176377940508588,0.168766573741269,0.150907551164619,0.189335085054035,0.16065812373665,0.15395472579484
"College Station-Bryan, TX",7113,73,1.0262898917475,17780,27.7505864870374,0.0136407579973974,0.302039785321723,0.400440374124902,0.240770267403746,0.0431088151522314,0.863151479095223,0.119861856909191,0.0169866639955855,0.805512778326692,0.185888328733595,0.00859889293971305,0.0236416263078421,0.972573774036764,0.00378459965539366,0.0578967708528684,0.941977280383608,0.000125948763523293,0.0252425766669317,0.974408790803659,0.000348632529409651,0.101337427005925,0.898073298867716,0.000589274126358706,0.813247307821707,0.129989917958728,0.0567627742195653,0.349202648850281,0.184803343660618,0.165076529159188,0.123354134640214,0.0869106091703138,0.0906527345193854
"Colorado Springs, CO",7139,178,2.49334640705981,17820,26.8761651810817,0.0229262877426761,0.365167564463962,0.395715390820167,0.188437992960949,0.0277527640122469,0.857593187337749,0.1410301318462,0.00137668081605063,0.89038528396064,0.10439876749123,0.00521594854812957,0.0292268534076157,0.966195132801557,0.00457801379082734,0.0670682254826646,0.929918936338458,0.00301283817887759,0.0243015834456309,0.972435464188469,0.00326295236589983,0.0928162728049606,0.905248353088574,0.00193537410646488,0.762186733569689,0.161039684726218,0.0767735817040929,0.23180500855923,0.185913990759774,0.157854089459645,0.183514034274374,0.139699579273916,0.101213297673061
"Columbia, SC",26849,519,1.93303288763082,17900,28.2581897856397,0.0115743149152541,0.300059096824512,0.378446330049892,0.26572911983798,0.0441911383723618,0.828154094898785,0.16936983204789,0.00247607305332563,0.855378591374773,0.139238007042982,0.00538340158224474,0.0381150575112199,0.953550283745448,0.00833465874333185,0.061721308114439,0.935667711626495,0.00261098025906557,0.0258449593495961,0.968923560239199,0.005231480411205,0.132817951508192,0.86503299720748,0.00214905128432814,0.785217329452567,0.18632980225764,0.0284528682897928,0.23073930234468,0.17312202101972,0.163729841215056,0.168549720677986,0.147718169465126,0.116140945277432
"Columbus, OH",38771,832,2.14593381651234,18140,28.1919566138003,0.0184847473380085,0.30206302271001,0.382893103491184,0.241310513431289,0.055248613029509,0.837386484801001,0.16149395054925,0.00111956464974922,0.909772981179507,0.0869373093672079,0.00328970945328486,0.0338032616355745,0.957678156916316,0.00851858144810958,0.061064110622422,0.936739386570967,0.00219650280661098,0.0240099800926298,0.972938352603437,0.00305166730393301,0.12278835917137,0.874489383488801,0.00272225733982925,0.75569853374471,0.205838427386848,0.038463038868442,0.22260515360881,0.18352521383086,0.174579423786892,0.177264595595793,0.133299940992789,0.108725672184857
"Corpus Christi, TX",17389,451,2.59359365115878,18580,29.0962868557514,0.0126801399525379,0.264582273096582,0.350489899860399,0.312795959170891,0.0594517279195899,0.735800196966046,0.249187079108043,0.0150127239259112,0.802289990901303,0.190595342306576,0.00711466679212137,0.0359118844555505,0.955486200867418,0.00860191467703136,0.0748279807810198,0.924757567129046,0.000414452089934018,0.0377256295039026,0.960240370780218,0.00203399971587917,0.190449519610047,0.80432370734493,0.00522677304502371,0.779673017128848,0.170801654564575,0.0495253283065774,0.195586641037986,0.18190251791056,0.164199716583614,0.169183879847751,0.16353057571672,0.12559666890337
"Crestview-Fort Walton Beach-Destin, FL",7013,140,1.99629259945815,18880,27.4626499369275,0.0186202123088896,0.314888947507111,0.413944180470076,0.221638173816915,0.0309084858970077,0.814579219094874,0.177633652367978,0.00778712853714738,0.812109945145292,0.181102071585938,0.00678798326876959,0.0467889473943939,0.945002448824162,0.00820860378144382,0.0736111270634686,0.923777301514728,0.00261157142180305,0.041909707958517,0.955503891774883,0.00258640026660039,0.149882612885166,0.850028398206122,8.89889087118394e-05,0.737580190214701,0.198403491256577,0.0640163185287225,0.198007803849458,0.170546151241233,0.153861638061475,0.179684759577855,0.156263058227634,0.141636589042346
"Cumberland, MD-WV",648,27,4.16666666666667,19060,28.2282931131236,0.0175246287270503,0.260500648679258,0.442149592348244,0.226102702878504,0.0537224273669428,0.772787778990552,0.227212221009448,0,0.955821554591152,0.0422641115231175,0.00191433388573065,0.0643438889064452,0.913734143146946,0.0219219679466092,0.0794858947940012,0.915771033083122,0.00474307212287664,0.0329126993099725,0.963757366708406,0.00332993398162193,0.186960042858787,0.812237195519939,0.000802761621273947,0.800664954760874,0.183395720845993,0.0159393243931329,0.163893881210954,0.186289965715194,0.135246987718252,0.190095473562689,0.155947289435231,0.16852640235768
"Davenport-Moline-Rock Island, IA-IL",6998,115,1.64332666476136,19340,28.0544456358049,0.00899815758291956,0.309195061313433,0.355104040816289,0.298179854880924,0.0285228854064348,0.820113319581509,0.17988668041849,0,0.899557946380579,0.100442053619422,0,0.0594224449078452,0.935744107338341,0.00483344775381413,0.0927147000395859,0.903976309124107,0.00330899083630695,0.0265267612345006,0.972672564476875,0.000800674288624915,0.135989448606262,0.864010551393738,0,0.80351074093703,0.187733641838646,0.00875561722432367,0.185138660666529,0.157744801873744,0.162435268734811,0.188395484515031,0.156702737479837,0.149583046730048
"Deltona-Daytona Beach-Ormond Beach, FL",12696,275,2.16603654694392,19660,27.4348638985241,0.0324835614942584,0.313336594632605,0.388908622701194,0.233639742221806,0.0316314789501372,0.807646349207082,0.189102294760418,0.00325135603250001,0.827433313993526,0.168022214359416,0.00454447164705796,0.0567365251986129,0.931889286073369,0.011374188728018,0.0969592132999915,0.900713528560772,0.00232725813923607,0.0461559061073788,0.94907212919999,0.00477196469263119,0.164538822163094,0.828569066719146,0.00689211111776005,0.768344956720159,0.188968743443088,0.0426862998367534,0.162376339550275,0.132812562305146,0.135177990847237,0.173225612019361,0.178491403625634,0.217916091652348
"Denver-Aurora-Lakewood, CO",40918,1348,3.29439366537954,19740,26.6875440888182,0.0188503052790171,0.37009089540676,0.416420247098812,0.172043079532127,0.0225954726832838,0.865137135300943,0.132800967075105,0.00206189762395178,0.871690669776709,0.12083037615074,0.00747895407255168,0.0251454767160899,0.970022883540625,0.00483163974328557,0.059130253071327,0.938794720983935,0.00207502594473768,0.0226047378161344,0.975247528700474,0.00214773348339152,0.0952912962125021,0.903120033919316,0.00158866986818182,0.777311385137819,0.140249492715979,0.0824391221462028,0.199969113958059,0.201165049876862,0.179768365280622,0.174494507210179,0.142290367300333,0.102312596373946
"Des Moines-West Des Moines, IA",21318,353,1.65587766206961,19780,28.1295172560338,0.015199979558917,0.3015966146975,0.398973594138386,0.233421165163998,0.0508086464411998,0.873334901669682,0.125319460107185,0.00134563822313302,0.925722061578649,0.0693146587299666,0.00496327969138386,0.0332682295042503,0.959708634321506,0.0070231361742435,0.0603327594204867,0.938113777698736,0.00155346288077783,0.0183093756866304,0.978207084213529,0.00348354009984031,0.0983520040170808,0.89961473601124,0.00203325997167971,0.801434340919715,0.162869016043497,0.0356966430367872,0.208093922631833,0.197003625656831,0.169578758677231,0.172722661230671,0.139898542702309,0.112702489101125
"Duluth, MN-WI",2601,43,1.65321030372933,20260,27.5983397669919,0.0185206569775611,0.307498574551528,0.416414942681443,0.228355831883655,0.0292099939058133,0.847749054335776,0.149383113041949,0.00286783262227481,0.926209059410226,0.0706361262505247,0.00315481433924938,0.0461831115645648,0.947104287677479,0.00671260075795656,0.0768479725892286,0.920224475690494,0.00292755172027689,0.0272885281349065,0.969754453981209,0.0029570178838851,0.113240685056368,0.884758543351744,0.00200077159188798,0.747516204211962,0.214788956543712,0.0376948392443263,0.207552264196821,0.155315828909077,0.132167385474105,0.179774700125841,0.178396482386655,0.146793338907501
"Durham-Chapel Hill, NC",14409,266,1.84606842945381,20500,27.2453181700251,0.00747743958497464,0.356144654926403,0.410628769079939,0.188494179852391,0.0372549565562924,0.839221407303843,0.160484342329052,0.000294250367105867,0.78558030707992,0.213629188714516,0.000790504205563111,0.032953161822252,0.963734494778709,0.00331234339903867,0.0592202783531499,0.940179337515967,0.000600384130882875,0.0229135574984214,0.97614682280645,0.000939619695128803,0.104595689852644,0.894803926016473,0.000600384130882875,0.834975833360345,0.142785264775923,0.0222389018637319,0.229167852073102,0.1935768408765,0.170566741259624,0.164865646920929,0.129720065642799,0.112102853227046
"El Paso, TX",24498,529,2.15935994775084,21340,28.3424902260248,0.0140008449444898,0.274485922694777,0.41247443055244,0.253797691280633,0.0452411105276609,0.745734566568824,0.243563556668029,0.0107018767631479,0.686531877715094,0.306018948076493,0.00744917420841225,0.0242084188400788,0.971093327585479,0.00469825357444198,0.0406908853466982,0.956760406950928,0.00254870770237345,0.023205412736306,0.975096179499132,0.00169840776456224,0.159099354697957,0.839079115966544,0.0018215293354991,0.817069510407671,0.129472565328847,0.053457924263482,0.25668617652891,0.177150463023891,0.174126913342207,0.164659713071576,0.116418926272114,0.110957807761302
"Evansville, IN-KY",6512,86,1.32063882063882,21780,28.7837794787422,0.0115834698760605,0.2897098724463,0.382644801251878,0.245145086081882,0.0709167703438787,0.795895665961927,0.200072925688351,0.00403140834972161,0.897153962918373,0.0968850004121424,0.00596103666948492,0.0400705758010657,0.94975888617293,0.0101705380260043,0.0639896976695357,0.932209116293983,0.00380118603648152,0.0251636675860666,0.973172034546615,0.00166429786731864,0.135969332326474,0.862105861518972,0.00192480615455402,0.747340860072059,0.214902082850038,0.0377570570779027,0.211024834381798,0.1379491494603,0.161143219493245,0.188939668598688,0.160125692367355,0.140817435698614
"Fargo, ND-MN",6791,118,1.73759387424532,22020,27.6906605239388,0.0143190324175317,0.321361785181168,0.396430380178659,0.229791739143308,0.0380970630793329,0.870792287114138,0.127796459936671,0.0014112529491914,0.910377052319936,0.0829759720275042,0.00664697565255983,0.0309868176296324,0.963797604774652,0.00521557759571523,0.0569367851389644,0.942049392054962,0.00101382280607424,0.0232216678231193,0.974851990178641,0.00192634199823928,0.0757182237062755,0.922858859544692,0.00142291674903223,0.798042052079642,0.164150799635635,0.0378071482847228,0.291069109632513,0.193452089695284,0.136464563370451,0.153332472649312,0.124877142609955,0.100804622042485
"Florence, SC",7033,247,3.51201478743068,22500,28.6517306558534,0.0176188183091632,0.287873313282277,0.348966222488687,0.29196440864571,0.0535772372741619,0.777256453188341,0.218475775269304,0.00426777154235518,0.859068326669052,0.134624308993131,0.006307364337817,0.0614887882735115,0.931672236023128,0.00683897570336042,0.0648866954262342,0.934317497653833,0.000795806919932596,0.0444610150049018,0.950787353576567,0.00475163141853152,0.184799658310681,0.812307267547581,0.00289307414173778,0.739081883947287,0.225993922774617,0.0349241932780953,0.200271961303912,0.14778494454548,0.174920452736314,0.170835815527355,0.164991764580912,0.141195061306028
"Fort Smith, AR-OK",6496,90,1.38546798029557,22900,28.93287564546,0.0120387698290594,0.267182269615739,0.37396148840862,0.299581820835108,0.0472356513114742,0.685386080416741,0.312592624259117,0.00202129532414269,0.785100910433082,0.208547226677581,0.00635186288933668,0.0586866968315831,0.929760279417434,0.011553023750983,0.0578414119285435,0.931486266118507,0.0106723219529499,0.0384880229256833,0.959510922202828,0.00200105487148838,0.163997385966706,0.826750146354775,0.0092524676785191,0.730743512940659,0.249361017763052,0.0198954692962896,0.233516679155932,0.123618249849867,0.159973873085873,0.19295285508138,0.163235223447648,0.1267031193793
"Fort Wayne, IN",6735,222,3.29621380846325,23060,28.0473531383706,0.0180809295891081,0.306359334025745,0.388660044044171,0.238587847855879,0.0483118444850969,0.830017617465551,0.16448957842601,0.00549280410843848,0.847213208872382,0.146656760731141,0.00613003039647701,0.0479606294817247,0.946106680453059,0.00593269006521569,0.061728113880437,0.936711940257316,0.00155994586224715,0.0251096053507771,0.973579974836402,0.00131041981282089,0.130738600004984,0.867903077434977,0.00135832256003933,0.764306157610017,0.19560063114427,0.0400932112457134,0.204743543375032,0.172764302195455,0.162886035026805,0.182466920709328,0.147126167957559,0.130013030735821
"Gainesville, FL",9850,81,0.822335025380711,23540,27.5326696660461,0.0249210886106863,0.365746457390111,0.367315405688481,0.184493854962091,0.0575231933486307,0.855292587841175,0.139154051213334,0.00555336094549034,0.838742033367434,0.149242462519089,0.0120155041134775,0.0366326815028565,0.954506269934645,0.00886104856249833,0.0600860372881065,0.938734284978506,0.00117967773338732,0.0309088169489322,0.968171629817565,0.000919553233502472,0.119966411683699,0.878464249866278,0.00156933845002235,0.810797247473803,0.139266235498886,0.0499365170273105,0.360145359460992,0.140611740485767,0.119948314223362,0.145239594640734,0.122311564243471,0.111743426945674
"Glens Falls, NY",693,44,6.34920634920635,24020,28.4631730303502,0.0187899563354478,0.275945442340085,0.39265884290966,0.259305859541614,0.0532998988731935,0.858029850747561,0.140119719550048,0.00185042970239107,0.943362140566276,0.0554641540508984,0.0011737053828252,0.0439146382714761,0.947407748493388,0.00867761323513551,0.0817133524487763,0.91816810672785,0.000118540823374155,0.0372099841542708,0.961943407921444,0.000846607924285514,0.127208992606655,0.872791007393345,0,0.734056949063546,0.218916898654207,0.047026152282247,0.153270248281223,0.166981545347258,0.150710485731157,0.191992182657985,0.177274369267693,0.159771168714684
"Grand Forks, ND-MN",2629,17,0.646633701027006,24220,28.2026200646863,0.015981980797107,0.289493566486454,0.395465458711491,0.256256504641581,0.0428024893633668,0.847726379529281,0.150279751047101,0.0019938694236181,0.909104710606897,0.074491614998605,0.0164036743944982,0.0447179294845905,0.949969165655464,0.00531290485994581,0.0686348946877914,0.930271024163155,0.00109408114905347,0.0322131581728404,0.966246708023072,0.00154013380408702,0.0984499520036717,0.90128657260929,0.000263475387038348,0.810195388606242,0.15060658647993,0.039198024913828,0.314108905160079,0.163361047607884,0.114864156576646,0.1617234970346,0.12136701864766,0.124575374973131
"Grand Island, NE",2221,53,2.38631247185952,24260,28.6280778757986,0.0139769604221407,0.248117959478815,0.410824214451801,0.277129039877286,0.0499518257699576,0.821659078403949,0.177610931116284,0.000729990479767435,0.842120389819182,0.152566112775842,0.00531349740497604,0.0397674501858469,0.954983241909646,0.00524930790450679,0.0781402836391845,0.92061599421008,0.00124372215073576,0.0312021598418985,0.963225947728837,0.00557189242926468,0.121400021522582,0.877609958832244,0.000990019645173658,0.803752449927649,0.161665731610733,0.0345818184616176,0.190867423996306,0.173523363908705,0.150067270812708,0.184062752487865,0.151247984841282,0.150231203953134
"Greensboro-High Point, NC",12911,253,1.95956935946092,24660,28.4968190501717,0.0164226192653994,0.270066336306016,0.409336787978897,0.251933802756804,0.0522404536928831,0.807252114337726,0.189665007220331,0.00308287844194302,0.814452009424881,0.178445397989089,0.00710259258603002,0.041655277425647,0.952537170205999,0.00580755236835394,0.0606361648137122,0.939304423278549,5.94119077387053e-05,0.026614556725514,0.969306888930961,0.00407855434352462,0.146185803612964,0.853754784479297,5.94119077387053e-05,0.77134486595397,0.193146671393808,0.035508462652222,0.216642363102433,0.151192542893275,0.173486238558271,0.182513127583712,0.14465950308749,0.131506224774817
"Hagerstown-Martinsburg, MD-WV",2908,55,1.89133425034388,25180,28.4646965014486,0.0170015102738414,0.275178699562122,0.376288712296676,0.281971979646469,0.0495590982208916,0.810594297092967,0.186852016202522,0.00255368670451056,0.887926512699351,0.107848889331245,0.00422459796940388,0.0497377408893517,0.944408601577551,0.00585365753309775,0.0717318035516469,0.925364540744163,0.00290365570418986,0.0224413600705098,0.975246450328664,0.00231218960082633,0.146047732166563,0.853668992113672,0.000283275719764965,0.749432122502942,0.216751608693008,0.0338162688040494,0.183482399395354,0.170982996335164,0.171668938866943,0.182501543489803,0.157966542314172,0.133397579598564
"Houston-The Woodlands-Sugar Land, TX",197513,3456,1.74975824376117,26420,28.0974734334234,0.0216151467332078,0.265850335530011,0.445813786903368,0.222650600911252,0.0440701299221614,0.800078342061846,0.185692067499099,0.0142175806602044,0.726168959225838,0.264693087177386,0.00912594381792553,0.0331472474875815,0.956018619437883,0.0108221232956854,0.051641449546294,0.947148478236323,0.00119806243853289,0.0271219655919585,0.969300505437527,0.00356551919166384,0.124322268711183,0.872586376816405,0.00307934469356071,0.807808594627055,0.125526490495802,0.0666529050982927,0.217506987134969,0.20823278858641,0.180858426279114,0.17636657075586,0.124378866595173,0.0926443508696237
"Huntington-Ashland, WV-KY-OH",3630,66,1.81818181818182,26580,29.0028935862283,0.0165488930184132,0.244628392778833,0.392113767235321,0.280020926860965,0.0666880201064676,0.732191267517088,0.266227495922333,0.00158123656057923,0.892953784945009,0.104259695104076,0.00278651995091502,0.0799992492251653,0.910369660827088,0.00963108994774678,0.0819497425375938,0.917164929471233,0.000885327991173272,0.042498506470815,0.953963880426947,0.00353761310223798,0.175284933162546,0.822750015212615,0.00196505162483936,0.723225378537201,0.250303231573433,0.0264713898893657,0.184034215012504,0.156552349113417,0.160267821765941,0.178959138866734,0.164188165713931,0.155998309527474
"Idaho Falls, ID",3481,19,0.545820166618788,26820,28.2463864170297,0.0223857940991817,0.291588313018571,0.377659991855393,0.249833821658586,0.0585320793682676,0.84220766895413,0.156565452571855,0.00122687847401421,0.84612786953319,0.142785767558935,0.0110863629078751,0.0348514350805852,0.960808844940383,0.00433971997903206,0.0676806019885927,0.931403050261514,0.000916347749893288,0.0248271766112911,0.972066921067886,0.00310590232082308,0.109193928580074,0.888184683747635,0.00262138767229036,0.838167035385551,0.129801351090513,0.0320316135239359,0.214643618730875,0.209628347617565,0.144835624744083,0.182268958526697,0.133730090734183,0.114893359646598
"Indianapolis-Carmel-Anderson, IN",38487,1489,3.8688388286954,26900,28.2358341501229,0.018126784857527,0.293649721090415,0.388949941021831,0.245206014755672,0.0540675382745558,0.822977986025883,0.172597048739944,0.00442496523417286,0.868096892283635,0.125928007130665,0.0059751005857004,0.0430806564816834,0.951513227794744,0.00540611572357238,0.0622957546725141,0.936170297818843,0.0015339475086427,0.0302763672866384,0.968079340491044,0.00164429222231742,0.13403590777259,0.864336780073752,0.00162731215365823,0.764008217054041,0.190656608315807,0.0453351746301513,0.210613576320009,0.179025987641828,0.173243444579839,0.180590185183512,0.140810065289459,0.115716740985353
"Jackson, MS",18326,504,2.7501909854851,27140,28.7258239361966,0.018421311081433,0.27966917105514,0.375387935857391,0.260977899339031,0.0655436826670051,0.798239563023241,0.198269549359192,0.00349088761756663,0.808976593643774,0.185519683790168,0.00550372256605813,0.04207336476808,0.94613245069963,0.0117941845322898,0.0632299190086802,0.935584071137444,0.00118600985387572,0.0281134110960871,0.969895902033124,0.00199068687078894,0.142961535551932,0.856580248394567,0.000458216053501636,0.770205955108068,0.187728957801452,0.0420650870904799,0.213838977823794,0.196854435980834,0.15230279936252,0.170625742564635,0.149285963670986,0.11709208059723
"Jacksonville, FL",44701,622,1.39146775239928,27260,28.0858273269116,0.0198383931632985,0.303146422986028,0.394274072182972,0.236311999978605,0.0464291116890959,0.810693950243979,0.186327230283192,0.00297881947282904,0.852032206425247,0.140781631312671,0.00718616226208208,0.0457889358961748,0.948741573400522,0.00546949070330281,0.0696681667059307,0.928617577958643,0.0017142553354259,0.0272710960200366,0.96948256068659,0.00324634329337313,0.13919147895224,0.859022610658726,0.00178591038903326,0.779611820514617,0.16854247701745,0.0518457024679339,0.206671778790937,0.172543958015939,0.149831133551939,0.196954891113946,0.15027733057874,0.123720907948499
"Kahului-Wailuku-Lahaina, HI",391,9,2.30179028132992,27980,26.8730534245267,0.0212218555042035,0.388565808087992,0.372443560013197,0.182990210168107,0.0347785662265005,0.863006719682479,0.136884605439726,0.000108674877794471,0.918935190344812,0.0785909588736467,0.00247385078154081,0.0308352977466332,0.96441498373764,0.00474971851572681,0.0657175206922362,0.933961958827413,0.000320520480350523,0.0329690860672462,0.964807552856021,0.00222336107673314,0.133209646829389,0.866557296614952,0.000233056555658997,0.821983416636678,0.133452259769965,0.0445643235933563,0.170185688686548,0.164127240697364,0.172512071909312,0.175422305601118,0.178047447124971,0.139705245980687
"Kansas City, MO-KS",26659,381,1.42916088375408,28140,28.2971642020287,0.0157244804681997,0.300075052009459,0.397700562996701,0.236571808104552,0.0499280964210883,0.849437390725218,0.14909504397794,0.00146756529684182,0.86737170712047,0.126988478960331,0.00563981391919925,0.0384138709299783,0.95563631907606,0.00594980999396214,0.0677623140092816,0.930686958663888,0.00155072732683019,0.0245293400149469,0.973560549439219,0.00191011054583399,0.125063290352881,0.873930110632806,0.00100659901431323,0.786292312706506,0.175185371407659,0.0385223158858358,0.19602361286189,0.188746311827526,0.161335919005493,0.183240034019007,0.147290864118526,0.12336325816756
"Kennewick-Richland, WA",8918,198,2.220228750841,28420,27.7595682056494,0.0205511070160716,0.276943793179587,0.455558564353772,0.225520665273342,0.0214258701772273,0.857428403834518,0.142192389389036,0.000379206776446053,0.828249062579941,0.155622177442606,0.016128759977453,0.0198588843202744,0.976910561567299,0.00323055411242637,0.0442802278394538,0.954054477381377,0.00166529477916938,0.0390496312932414,0.946580391666154,0.0143699770406047,0.104688818210744,0.89452303860181,0.000788143187446073,0.828247647909565,0.129476122011042,0.0422762300793929,0.232832011592412,0.164373449970169,0.17455864916461,0.173987195088194,0.150509906350513,0.103738787834102
"Knoxville, TN",16811,139,0.826839569329606,28940,28.0225974622551,0.0169302495180052,0.309505215074107,0.375317150787015,0.2524767682523,0.0457706163685732,0.77487634732618,0.223732716269555,0.00139093640426546,0.864691203845008,0.131101836685276,0.00420695946971614,0.0553038545025787,0.939249955188665,0.00544619030875616,0.0855739462196113,0.911624678297541,0.00280137548284804,0.0337021409477374,0.964164237697292,0.00213362135497026,0.166446088174487,0.830019765718316,0.00353414610719665,0.738180000007939,0.225303160449935,0.0365168395421258,0.193946308449292,0.157072608400489,0.161800710248888,0.171260603027988,0.170500218038938,0.145419551834406
"Lafayette, LA",19030,442,2.32264844981608,29180,28.2182303700129,0.0155298680837399,0.276757900155011,0.398444830382042,0.265581551118033,0.0436858502611737,0.788374051125378,0.207266716914452,0.00435923196017072,0.830525837551638,0.168102649928876,0.00137151251948658,0.067787930552698,0.920238819977684,0.0119732494696181,0.0582058696241549,0.941794130375845,0,0.0341267979593629,0.960527375642883,0.00534582639775369,0.151341534649626,0.848658465350374,0,0.703830968005734,0.234837467428445,0.0613315645658209,0.24940374807406,0.168962260374788,0.14475637905819,0.195618510466243,0.133804421775159,0.10745468025156
"Lansing-East Lansing, MI",5525,105,1.90045248868778,29620,27.8070430095632,0.0154029928396806,0.333613138608324,0.363284268912736,0.245909972308752,0.0417896273305075,0.842098042085334,0.156551368290244,0.00135058962442151,0.900123731253861,0.0855620207289259,0.0143142480172126,0.0415008251775335,0.954735802155762,0.00376337266670436,0.066864722415694,0.931384038268625,0.00175123931568136,0.0317291671666414,0.965350247247136,0.00292058558622281,0.114422162289619,0.881804880775402,0.00377295693497986,0.78467734893154,0.175198601924347,0.0401240491441128,0.264342986482645,0.157081154629588,0.15561427959618,0.163603559883311,0.14385448210168,0.115503537306595
"Lexington-Fayette, KY",8689,95,1.0933364023478,30460,27.8635492426782,0.0146632794305156,0.332095480354231,0.361363635737423,0.250278552812483,0.0415990516653467,0.8249446522826,0.1750553477174,0,0.870841172860197,0.123521199313879,0.00563762782592334,0.0454829348228331,0.945406099453333,0.00911096572383391,0.0726150791212579,0.9240484592369,0.00333646164184233,0.0304419735682682,0.969118114612339,0.000439911819392991,0.131631541569986,0.864575938416107,0.00379252001390689,0.740076019835683,0.220437916263525,0.0394860639007924,0.244312862126377,0.167118559513416,0.161208129694371,0.188214601768359,0.122930186720859,0.116215660176619
"Lincoln, NE",6729,27,0.401248328131966,30700,27.5717172379419,0.0210789791942136,0.328913152625842,0.39001147091355,0.218852674902539,0.0411437223638562,0.891504099611259,0.108153311677093,0.000342588711648167,0.878102654197788,0.115705097214123,0.00619224858808952,0.0311799149682534,0.962322124615097,0.00649796041664902,0.0612777991838109,0.937396006876736,0.00132619393945273,0.0215645561953423,0.976033079456056,0.00240236434860161,0.0967009214383071,0.902194817703055,0.00110426085863754,0.817601583119974,0.156497167108406,0.0259012497716197,0.268016079418247,0.183124525667431,0.147438700200471,0.160178329041296,0.131829755962797,0.109412609709757
"Little Rock-North Little Rock-Conway, AR",15796,215,1.36110407698151,30780,28.5234601893874,0.0252539442284318,0.276581687725247,0.378609900878699,0.259176915763366,0.0603775514042567,0.783145634025265,0.214443518716282,0.00241084725845291,0.857976601439716,0.135177396463575,0.00684600209670807,0.0535591888091015,0.93695373595305,0.00948707523784797,0.0724252214741036,0.923459333439253,0.00411544508664293,0.0344291286899353,0.962307911332692,0.00326295997737238,0.139553539073479,0.858347689291257,0.00209877163526399,0.745278136791399,0.219703758991702,0.035018104216899,0.209711916578126,0.189920208945592,0.160072751856665,0.168068165403756,0.147802537117802,0.124424420098061
"Logan, UT-ID",2932,6,0.204638472032742,30860,26.9557095962927,0.0208811478427174,0.368255294667963,0.380406579634652,0.19457872348343,0.0358782543712379,0.908534235017911,0.0912572727151137,0.000208492266975269,0.863055712342976,0.134524581902255,0.00241970575476925,0.0204871147060746,0.975745550932796,0.0037673343611296,0.0543573237418041,0.944944236167473,0.000698440090722763,0.0239411196406755,0.974558903552014,0.00149997680731042,0.0731496218145754,0.925617652490548,0.00123272569487649,0.907715404392652,0.0596677403556692,0.0326168552516787,0.353149341117962,0.194818107013082,0.13861883493513,0.126417272842,0.0971451920540811,0.0898512520377447
"Los Angeles-Long Beach-Anaheim, CA",324050,7844,2.42061410276192,31080,26.9683525123052,0.0226861088801023,0.343217037639146,0.423217593058209,0.185405876156672,0.0254733842658716,0.804000588199057,0.19521051441204,0.000788897388903291,0.843501195501965,0.151179081934354,0.00531972256368114,0.0308423107096808,0.964111884831718,0.00504580445860139,0.0535070841852097,0.944590240344939,0.0019026754698509,0.0275564094020506,0.969926659176834,0.00251693142111559,0.155806413800465,0.842243105061695,0.00195048113784017,0.793512282955559,0.102915917150483,0.103571799893958,0.22526256835083,0.18460158353872,0.180844194817267,0.165847754556611,0.134003478767094,0.109440419969479
"Louisville/Jefferson County, KY-IN",24150,529,2.19047619047619,31140,28.1498098188392,0.0196843182698932,0.302847818409994,0.383296063688148,0.239970180675735,0.0542016189562296,0.796178279821306,0.202230692756947,0.00159102742174697,0.902157571728098,0.0928163773688968,0.00502605090300511,0.0555212003917165,0.93699072374007,0.00748807586821386,0.082044273998295,0.914987219004562,0.00296850699714332,0.0310545702359527,0.966108601239367,0.00283682852468047,0.136833290397495,0.860831750366528,0.00233495923597782,0.745330339292537,0.218237980915327,0.0364316797921356,0.188637977960372,0.176844473477959,0.16706489472241,0.188792368864316,0.150266839191531,0.128393445783413
"Lubbock, TX",12139,134,1.10388005601779,31180,27.8815862780872,0.0202515209635131,0.325655025429993,0.338429856069596,0.259018878483273,0.0566447190536246,0.790596176347345,0.19591138476582,0.0134924388868352,0.753571028531969,0.233327262673324,0.0131017087947075,0.0306480321269513,0.961339893182944,0.00801207469010434,0.051539342099156,0.93655853732186,0.0119021205789844,0.0310099447361594,0.965651659515889,0.00333839574795174,0.111946962249601,0.888053037750399,0,0.78199249560849,0.189961472299486,0.028046032092024,0.274120283742914,0.203193389778774,0.130023378912503,0.175775125928758,0.113744234836064,0.103143586800987
"Madison, WI",12128,49,0.404023746701847,31540,27.6090331722461,0.0109724475429992,0.306559240680365,0.431907416686181,0.207811020554874,0.0427498745355807,0.906426599395308,0.0923414183798534,0.00123198222483906,0.915100671387587,0.0848993286124127,0,0.0247799812105976,0.964404598707071,0.0108154200823311,0.0548491221951151,0.94357506565351,0.00157581215137519,0.0144648435924091,0.983420617282218,0.00211453912537293,0.0902529364876718,0.908171251360953,0.00157581215137519,0.844624893454671,0.107903510894132,0.0474715956511973,0.216019967528337,0.198392653395942,0.17642800305591,0.160272616627374,0.14582587912016,0.103060880272278
"Manhattan, KS",2562,10,0.39032006245121,31740,27.3909063025312,0.0235638686491898,0.371340582539478,0.385815473217228,0.177182253509798,0.0420978220843059,0.898764301524462,0.100171396401241,0.00106430207429775,0.874807220871362,0.112862134028734,0.0123306450999031,0.0211387181309104,0.973198268065812,0.00566301380327739,0.0449348525914381,0.953572190426383,0.00149295698217875,0.0196120283091007,0.977655658229843,0.00273231346105666,0.0717537460461308,0.92388667961604,0.00435957433782944,0.818796604161761,0.143299972143368,0.0379034236948707,0.434980439571683,0.180644405961725,0.0923767537756216,0.117411312365241,0.0962227412154666,0.0783643471102624
"Memphis, TN-MS-AR",44599,696,1.56057310702034,32820,28.9507175305649,0.0148520170797654,0.250823688725997,0.393876307816024,0.275418484798547,0.0650295015796668,0.810674517868059,0.188523609903076,0.000801872228864797,0.827307093539637,0.164402876321434,0.00829003013892935,0.0442144050600875,0.95103070788701,0.00475488705290265,0.0545632604068588,0.943742884624686,0.00169385496845536,0.0278830558835153,0.970633272656918,0.00148367145956684,0.156947409984429,0.840696887959575,0.00235570205599567,0.759170180460843,0.187562350536349,0.0532674690028086,0.224868127833168,0.169829104496823,0.16951805465142,0.177496117098948,0.146548796379688,0.111739799539953
"Minneapolis-St. Paul-Bloomington, MN-WI",67184,1667,2.48124553465111,33460,27.2256548908585,0.0162874966769022,0.341063576642003,0.409919790243482,0.20351447794478,0.0292146584928329,0.884206052319011,0.113820388722407,0.00197355895858208,0.919826467892555,0.0742665894702634,0.00590694263718118,0.0302139990960838,0.965023717997934,0.00476228290598247,0.0599284062857003,0.938735658674477,0.00133593503982245,0.0209575569646907,0.97660008002116,0.00244236301414972,0.0971877597859686,0.901193892361041,0.00161834785299001,0.818969478144086,0.139639459616189,0.0413910622397241,0.201923708805557,0.189106035818899,0.170491690492822,0.185336657107879,0.14048282075018,0.112659087024662
"Minot, ND",1280,13,1.015625,33500,27.8935924865631,0.0238383840227228,0.285737239261694,0.408045523154553,0.240694857592133,0.041683995968897,0.844903519492205,0.149341668460642,0.00575481204715305,0.898633441864997,0.0966535731075885,0.00471298502741404,0.0295448710918087,0.96367821486193,0.00677691404626096,0.0657479833263618,0.93251435830741,0.00173765836622848,0.0207412877758352,0.977707778247497,0.00155093397666784,0.0985725257447641,0.897367973564671,0.00405950069056475,0.758327150171762,0.200544232984638,0.041128616843599,0.272675673438829,0.204573455838638,0.116383864368073,0.157766075747777,0.128523050999285,0.120077879607397
"Montgomery, AL",14083,287,2.03791805723212,33860,28.3278796892393,0.0122852238955573,0.295929404110112,0.37223698882187,0.267932645349024,0.0516157378234369,0.771659643758072,0.227947719942737,0.000392636299190413,0.923607565728483,0.0763924342715168,0,0.0522319746863806,0.93827708405206,0.00949094126155988,0.0883387725606782,0.911661227439322,0,0.0371004910705716,0.959113150208886,0.00378635872054285,0.124192027344519,0.868897776370132,0.00691019628534949,0.745695795334537,0.200441349626063,0.0538628550394006,0.229734017095187,0.161419625428748,0.173980883454789,0.164116382755172,0.153647673542492,0.117101417723612
"Myrtle Beach-Conway-North Myrtle Beach, SC-NC",12058,224,1.85768784209653,34820,27.961836945003,0.0165557519092717,0.29085093470434,0.408387420498337,0.244941165589476,0.0392647272985761,0.789854787560884,0.204383012798436,0.00576219964068019,0.826191829677598,0.16738141904742,0.00642675127498199,0.0664526577694681,0.925451716320456,0.00809562591007578,0.081704796629975,0.916023253056603,0.00227195031342158,0.0390655228506173,0.957165069745043,0.00376940740433929,0.142762010588637,0.854241817061253,0.00299617235011015,0.770266982111563,0.195800198298542,0.0339328195898945,0.168827187332725,0.133814012547668,0.136030224692979,0.170098027402803,0.215561502730559,0.175669045293266
"Nashville-Davidson--Murfreesboro--Franklin, TN",60978,715,1.17255403588179,34980,28.1336167729606,0.0142494428916945,0.302999300554649,0.400828636865252,0.231362148669352,0.0505604710190522,0.838471348969503,0.156678633010129,0.00485001802036821,0.880156308712017,0.114813851016286,0.00502984027169739,0.0449790831244222,0.950506388738232,0.00451452813734576,0.0673744676274108,0.930404362234757,0.00222117013783245,0.0285153996284239,0.970092523064801,0.00139207730677506,0.13641729655293,0.861057336662912,0.00252536678415728,0.763388583851285,0.183904274174647,0.0527071419740682,0.215581762094599,0.189866500181704,0.170173305080866,0.177479581296452,0.140020367095972,0.106878484250407
"New Orleans-Metairie, LA",43675,1660,3.80080137378363,35380,28.4166343588377,0.0195544696919812,0.292446982419426,0.376654877891446,0.253443952976692,0.0578997170204552,0.79853476968308,0.197432695787338,0.00403253452958237,0.845428771014877,0.148230855171809,0.00634037381331381,0.0486982712387687,0.943222703275619,0.00807902548561266,0.0623841988741395,0.93518116048952,0.00243464063634059,0.0286327659571141,0.967455552561284,0.00391168148160161,0.150804534482995,0.845788279766256,0.00340718575074945,0.746730696955588,0.204885207618368,0.0483840954260436,0.211150239475458,0.165352264782354,0.160348661368637,0.184260057566627,0.156862941477337,0.122025835329587
"Norfolk, NE",997,13,1.30391173520562,35740,28.3779825081562,0.0171620153486392,0.278551553577805,0.389124714008593,0.26907069179631,0.0460910252686518,0.841991283723318,0.155591718665787,0.00241699761089502,0.873871763452114,0.120193871719091,0.00593436482879478,0.0412883599230958,0.949358391926619,0.00935324815028501,0.0731038261931677,0.926777171912541,0.000119001894291575,0.0202799839512014,0.974532851601102,0.00518716444769681,0.122530707480637,0.876818053560744,0.00065123895861932,0.801544414282598,0.165175410634103,0.0332801750832995,0.201763255790214,0.15540005095462,0.140292582605513,0.201331154263717,0.14149830522799,0.159714651157946
"North Platte, NE",451,4,0.886917960088692,35820,28.5355073606641,0.0164190579929912,0.250650965820684,0.406533414913171,0.279952668002091,0.0464438932710621,0.831881934189314,0.166430727073191,0.00168733873749557,0.872453954528667,0.121157315158807,0.00638873031252619,0.0465816676033733,0.939704925836469,0.0137134065601573,0.082911312151062,0.91565413579671,0.00143455205222776,0.0311646993237945,0.965904972779333,0.00293032789687245,0.127921667144966,0.87168918789304,0.000389144961994087,0.764314072784385,0.202671107045224,0.0330148201703907,0.165256726528704,0.173455546689259,0.145473656694619,0.183616303917085,0.172517580502599,0.159680185667734
"North Port-Sarasota-Bradenton, FL",19768,549,2.77721570214488,35840,27.0826597525379,0.0171748197355905,0.34470958466165,0.414921182746531,0.202516941349037,0.0206774715071918,0.82206352545122,0.17055891369873,0.00737756085005038,0.840927907798372,0.15266093679434,0.00641115540728814,0.061530666050051,0.925831386373936,0.0126379475760135,0.0930057521295089,0.904038703026235,0.00295554484425601,0.0332992320424128,0.964630297385318,0.0020704705722691,0.118343748169719,0.880112314669389,0.00154393716089221,0.78632479561405,0.168726748183144,0.0449484562028061,0.13770193274201,0.111892171379459,0.123059876752714,0.170467873873671,0.195976544164306,0.26090160108784
"Ogden-Clearfield, UT",10301,66,0.640714493738472,36260,27.4788442373257,0.0195200330763448,0.330338274435608,0.395939073685086,0.217807418354718,0.0363952004482438,0.875964734051976,0.121647002990538,0.00238826295748586,0.887633280454547,0.108269570722956,0.00409714882249714,0.0267915955597173,0.96835113217545,0.00485727226483206,0.0573828864856114,0.939364798825777,0.00325231468861127,0.0271273371906419,0.971049541302814,0.00182312150654369,0.104106940999665,0.894965044218059,0.000928014782275443,0.871934010658581,0.0958576073922869,0.0322083819491323,0.237999774846379,0.215725298608112,0.16600602921806,0.158787390960192,0.117883159526875,0.103598346840382
"Oklahoma City, OK",29941,312,1.04204936374871,36420,28.1598604778125,0.0159930888241877,0.295871135286308,0.394955265029472,0.24488871757563,0.0482917932844028,0.818819824206629,0.178003281558872,0.0031768942344991,0.835946105536738,0.159018548450752,0.00503534601251007,0.0453084899082707,0.947944330496149,0.00674717959558081,0.0625213691119004,0.933925953966251,0.0035526769218489,0.0295855551809954,0.966380297209164,0.00403414760984048,0.127438299478616,0.869357739638127,0.00320396088325729,0.786654444659968,0.180756959994046,0.0325885953459862,0.21790687427972,0.195994497837473,0.15838695859435,0.163681833579015,0.145374527673575,0.118655308035866
"Omaha-Council Bluffs, NE-IA",23998,261,1.08759063255271,36540,28.1212017330227,0.0188437980012949,0.28951019826537,0.39793078322915,0.246935051329012,0.0467801691751738,0.8578125098669,0.140163168016238,0.00202432211686121,0.873670759442964,0.121286196695613,0.00504304386142356,0.0364845995575609,0.958332783621244,0.00518261682119482,0.0600656438641342,0.937637809073056,0.0022965470628094,0.0232302853436544,0.97501308346121,0.00175663119513591,0.116476256525565,0.882058703737282,0.00146503973715237,0.795136257439994,0.172954566134729,0.0319091764252774,0.208991640607498,0.190734410403585,0.169599512490633,0.176374133673877,0.138485101182189,0.115815201642219
"Orlando-Kissimmee-Sanford, FL",69524,1018,1.464242563719,36740,27.4678516030947,0.0188616025384201,0.327356578783715,0.414052423846467,0.204865129431618,0.0348642653997803,0.805006185132258,0.190593164115379,0.00440065075236389,0.805702700354904,0.187910549288949,0.00638675035614705,0.04112029240554,0.95136566326568,0.00751404432877982,0.0563104141851941,0.941926076883589,0.00176350893121653,0.0297662847971275,0.968154737294261,0.00207897790861139,0.14028545043782,0.858163193231862,0.001551356330318,0.79946742047073,0.14283508549859,0.05769749403068,0.221497502449075,0.178996057139182,0.162894178652247,0.179167610057014,0.132702175188983,0.1247424765135
"Panama City, FL",6124,108,1.76355323318093,37460,27.9576575215306,0.0231468627451909,0.308447872795289,0.400521401436861,0.217705803432516,0.0501780595901435,0.779372876437572,0.217032254545165,0.00359486901726257,0.791746543280355,0.202334422542112,0.00591903417753268,0.0557200751244738,0.934353981171057,0.00992594370446895,0.0765160894010182,0.919706246425685,0.00377766417329723,0.0374251603366057,0.958510614527213,0.00406422513618149,0.151878705427556,0.845357139718514,0.00276415485392975,0.737448135316529,0.215523239816732,0.0470286248667392,0.180095608331355,0.173828430170944,0.156888795146735,0.176028853249052,0.171585578281472,0.141572734820442
"Pensacola-Ferry Pass-Brent, FL",17707,312,1.76201502230756,37860,27.6627808868997,0.0202814457722823,0.314058970282271,0.406130563431577,0.221277079771614,0.0382519407422564,0.80547702022055,0.191364773232176,0.00315820654727448,0.810857232637261,0.182452361706806,0.00669040565593354,0.0347651250719675,0.956135530665754,0.00909934426227869,0.0799235742649162,0.916104141024889,0.0039722847101946,0.0348162487587653,0.960853097028762,0.00433065421247236,0.145865504613136,0.852721660883653,0.00141283450321086,0.751159806937674,0.19746973905415,0.0513704540081763,0.228327631245903,0.152083884944034,0.154023177384612,0.177606338624779,0.149923190793037,0.138035777007635
"Pittsburgh, PA",20258,619,3.05558297956363,38300,28.1162455625663,0.0165006947403749,0.302080594293382,0.385834505525667,0.247404271189046,0.0481799342515298,0.833190400596247,0.163350613938645,0.00345898546510771,0.92467070179384,0.0688286237125058,0.00650067449365441,0.04943614793895,0.944240774947819,0.00632307711323146,0.0757424600580995,0.922724225816043,0.00153331412585786,0.0243788810409845,0.972518323835679,0.0031027951233368,0.12504216580812,0.873929178318716,0.00102865587316394,0.780933555793152,0.189201507182902,0.0298649370239453,0.182823873339838,0.147669718287896,0.148604539886288,0.190871082042883,0.162649558796558,0.167381227646537
"Port St. Lucie, FL",13018,425,3.26471040098325,38940,27.1664768036852,0.0119898604650712,0.334093101080177,0.427176087382037,0.202899843992305,0.0238411070804104,0.820926338373111,0.176354150609831,0.00271951101705716,0.814917725495372,0.179063024675908,0.00601924982871927,0.0572288278864179,0.934752164073646,0.00801900803993633,0.0826773360353308,0.916031953187825,0.00129071077684427,0.0359368195761427,0.958886732010548,0.00517644841330956,0.139587853011631,0.859115892794909,0.00129625419345991,0.793800531366768,0.155032670819153,0.0511667978140793,0.16006934639746,0.126088434198933,0.132589385936463,0.177242497063319,0.176720750553608,0.227289585850216
"Portland-South Portland, ME",3599,86,2.38955265351487,38860,27.3631212868009,0.0143806343711208,0.345024092718485,0.391652995216177,0.216481117914522,0.0324611597796954,0.871356009746402,0.124494842771601,0.00414914748199717,0.912273700693134,0.0837845738103974,0.00394172549646811,0.0459407657267509,0.951275246753087,0.00278398752016254,0.0822509751703917,0.915023024474682,0.00272600035492647,0.0232628598157192,0.975233561937751,0.00150357824652972,0.110557486750959,0.888191171078095,0.0012513421709457,0.813747358579569,0.156259725756567,0.0299929156638635,0.178938868398622,0.143793555122345,0.162455753456359,0.194525684144783,0.170279495048809,0.150006643829082
"Portland-Vancouver-Hillsboro, OR-WA",18691,345,1.8458081429565,38900,27.36256196361,0.0171513592132888,0.351587282429833,0.386406575129727,0.205960004484194,0.0388947787429581,0.84772062593721,0.15006369200565,0.00221568205714007,0.895301763761451,0.0975837647911805,0.00711447144736877,0.0339038972577097,0.959325998936846,0.00677010380544456,0.0705080511351167,0.926098137407413,0.00339381145746984,0.029832960692613,0.965454576131905,0.00471246317548217,0.115360032887925,0.882488412484802,0.00215155462727305,0.809852167694458,0.144001849395857,0.0461459829096847,0.197404026760083,0.191626782907396,0.174814712808485,0.169985288676918,0.150347458513613,0.115821730333506
"Providence-Warwick, RI-MA",33410,1793,5.36665668961389,39300,27.6972117009467,0.0145611643410658,0.312625354915581,0.412652898466687,0.223372740396561,0.0367878418801051,0.834617820579776,0.163408760661007,0.00197341875921618,0.915984658332286,0.0763475472720463,0.00766779439566823,0.0432000942792861,0.950492196364336,0.00630770935637752,0.0739375968183432,0.923401570753219,0.00266083242843818,0.0251438868104,0.971607340839759,0.00324877234984079,0.121207416758422,0.876427580177379,0.00236500306419944,0.795564090108168,0.156379369143369,0.0480565407484629,0.204472364301155,0.15439443163466,0.158549140049185,0.187607143329193,0.152197821821506,0.142779098864301
"Provo-Orem, UT",19503,59,0.30251756140081,39340,26.8153145599384,0.0211048231375324,0.383266840660365,0.378276984899983,0.190074811612803,0.0272765396893168,0.891728897748487,0.106728344262195,0.00154275798931813,0.861194169905299,0.131423599187869,0.00738223090683148,0.017987577009616,0.978987775965157,0.00302464702522706,0.0449310821039943,0.954387982460719,0.00068093543528702,0.0260754170648837,0.972550467007325,0.00137411592779149,0.0770694098429324,0.921731416999086,0.00119917315798165,0.916885997089734,0.0511838743462823,0.0319301285639834,0.345877762165094,0.222238531477525,0.154770879557275,0.117047377752019,0.0833035993355283,0.0767618497125584
"Rapid City, SD",2965,42,1.41652613827993,39660,27.7729601483041,0.0106904690689655,0.323947170578941,0.395450583054111,0.229772062708571,0.040139714589412,0.849662147159525,0.148710847082002,0.0016270057584731,0.893552672721239,0.103637559870577,0.00280976740818446,0.0490036725103431,0.946003646895037,0.00499268059462025,0.0754943189825173,0.923421180282191,0.00108450073529168,0.0240927911553457,0.973031917040378,0.00287529180427619,0.116363577468202,0.882602161223172,0.00103426130862585,0.770091028268065,0.197471919354498,0.0324370523774369,0.197124015075029,0.172832447535547,0.136186493249708,0.183824719211124,0.164388450396239,0.145643874532354
"Reno, NV",9552,159,1.66457286432161,39900,26.9604933852708,0.0203390786234585,0.352967097249899,0.411157076249187,0.192230806327353,0.0233059415501028,0.822128451820181,0.176894862831113,0.000976685348706219,0.867709044432451,0.126353629160126,0.0059373264074228,0.0352808259795879,0.959190809946274,0.00552836407413786,0.0698018519714519,0.927644806533497,0.0025533414950508,0.0260439474191942,0.971397692818168,0.00255835976263735,0.0996106206307717,0.898245447087277,0.00214393228195136,0.818312608850979,0.154761347915388,0.0269260432336329,0.199482877021485,0.176713346061302,0.165531603020572,0.16893539278572,0.158360589457511,0.13097619165341
"Richmond, VA",17155,467,2.72223841445643,40060,28.0316402378831,0.0157806387509828,0.295358520221559,0.403676504241936,0.244800465759773,0.0403838710257491,0.851227665703003,0.146752259486257,0.00202007481073993,0.884797809851644,0.110895324840667,0.00430686530768964,0.0421028246633532,0.951103215577353,0.00679395975929355,0.0632028459065364,0.934267682607119,0.00252947148634486,0.0256393635841561,0.972196979627685,0.00216365678815926,0.1344652714565,0.862730544738883,0.00280418380461688,0.791725945599532,0.173936683142402,0.0343373712580663,0.205121882981556,0.165525605861169,0.172815954069584,0.183180116513637,0.150985553160038,0.122370887414016
"Riverside-San Bernardino-Ontario, CA",114608,2181,1.90300851598492,40140,27.8674724481095,0.0139584853206668,0.290694874330522,0.424777740954855,0.232051719019532,0.0385171803744244,0.790437710754905,0.208582311308079,0.000979977937015624,0.855919642305262,0.136890986789226,0.00718937090551194,0.0345239971382186,0.960427959349603,0.0050480435121781,0.059630431202097,0.939033552694305,0.00133601610359785,0.0271779160675353,0.969401755667663,0.0034203282648018,0.161902928128643,0.836927946396565,0.00116912547479251,0.791952467108944,0.123178145211872,0.0848693876791833,0.233094803740001,0.188569038002766,0.164630431362491,0.180026609808833,0.12781199107612,0.10586712600979
"Roanoke, VA",3682,56,1.52091254752852,40220,27.7951772418509,0.029048728317834,0.28932465605044,0.424820869466155,0.203227950352136,0.0535777958134339,0.840503674618011,0.150713916330366,0.00878240905162298,0.84006077156494,0.127681624904869,0.0322576035301919,0.0490133913615212,0.932855949103185,0.0181306595352939,0.0635682071678507,0.935108764634758,0.00132302819739161,0.041133793439629,0.957265161548816,0.00160104501155449,0.129477456069185,0.870522543930815,0,0.735502920367652,0.214277741439037,0.0502193381933117,0.181539777924292,0.129312641892679,0.17840429212145,0.195510482011545,0.167780803982375,0.147452002067659
"Rochester, MN",3154,28,0.887761572606214,40340,27.4304139853717,0.0154179075186888,0.324203814474089,0.403532233797409,0.227298536130788,0.0295475080790246,0.899600829193575,0.0999695182535003,0.000429652552924925,0.931037452355046,0.063424850273441,0.00553769737151315,0.0369936750724989,0.959754005879119,0.00325231904838181,0.0614762822453809,0.936701119506633,0.00182259824798658,0.019988810336628,0.974506712964039,0.00550447669933353,0.101031517753005,0.897852577336436,0.00111590491055938,0.83608368457882,0.132381599496352,0.0315347159248281,0.183608323184427,0.183881399167827,0.151240016073606,0.184666298431853,0.158088521708123,0.138515441434164
"Rochester, NY",7491,358,4.77906821519156,40380,27.7842196266205,0.017955427099535,0.325189795617955,0.386074382606073,0.22792091983175,0.0428594748446881,0.850789340703466,0.142130460454657,0.00708019884187725,0.910612211710011,0.0858670127917495,0.00352077549823998,0.0408438310929362,0.95134832540851,0.00780784349855402,0.0721528649738356,0.924794972783247,0.00305216224291803,0.0302258737518646,0.965446610210629,0.0043275160375065,0.111824845755238,0.885423717840595,0.00275143640416716,0.788334024983892,0.164679146366742,0.0469868286493657,0.214757323812531,0.134451273114162,0.164849400503402,0.187790679258512,0.155733488349554,0.142417834961838
"Salem, OR",5314,111,2.08882197967633,41420,28.6784770198809,0.0153524912227822,0.262435625722561,0.390235537227069,0.27871210372125,0.0532642421063372,0.798995328436931,0.195886615582074,0.00511805598099462,0.847275012745579,0.150983950562729,0.00174103669169218,0.0462692121645687,0.942311629223281,0.0114191586121499,0.0954715843946064,0.903369550468142,0.00115886513725159,0.0264852746504214,0.971115860082644,0.00239886526693401,0.127279288650332,0.87052361422828,0.00219709712138748,0.802117471508595,0.153180209913427,0.0447023185779776,0.220639403045467,0.178633905269569,0.140677630892678,0.175399424074585,0.147833831313139,0.136815805404562
"Salina, KS",834,11,1.3189448441247,41460,29.606533266799,0.0132274366553143,0.272371779733572,0.391811734312906,0.247184066449712,0.0754049828484954,0.829383647523309,0.167724058001261,0.00289229447542951,0.842140049714366,0.153237650168411,0.00462230011722229,0.0384643037261582,0.955851906735787,0.00568378953805501,0.0768309027762947,0.921771335382931,0.00139776184077474,0.0186818061667722,0.979669075469309,0.00164911836391833,0.124695348314226,0.8740338766978,0.00127077498797429,0.783698648071635,0.186956158251568,0.0293451936767964,0.19305451053823,0.177010628027316,0.1429697219846,0.179176169094089,0.154526400179737,0.153262570176028
"Salisbury, MD-DE",10135,286,2.82190429205723,41540,28.4070695217549,0.0157576650222512,0.270031962413641,0.404257228330204,0.261522662096203,0.0484304821377008,0.814637945738534,0.183488415365584,0.00187363889588219,0.877836798711132,0.114881606605746,0.00728159468312249,0.0560843584962264,0.936272602354878,0.00764303914889526,0.0843325574605125,0.913944211900291,0.00172323063919672,0.0317958327306171,0.964372704666611,0.00383146260277195,0.161591679885627,0.836696399955232,0.00171192015914136,0.770476528757558,0.189418885792629,0.040104585449813,0.18755299051667,0.132980710975492,0.126550041500844,0.188841631930806,0.185257418395694,0.178817206680493
"Salt Lake City, UT",32593,253,0.776240296996287,41620,27.204515507309,0.0201718006936228,0.347062916229615,0.401858572924014,0.198315921455851,0.032590788696898,0.864640561434349,0.132783531268879,0.00257590729677161,0.85929323247646,0.134863471282042,0.00584329624149818,0.0231529158421722,0.97065010493721,0.00619697922061773,0.0562544545985858,0.942007625321697,0.00173792007971725,0.0258493723320724,0.97148851419991,0.00266211346801732,0.100395283795066,0.897634550711871,0.00197016549306333,0.857927285834092,0.103897409583542,0.0381753045823666,0.235501918622537,0.229140151940894,0.169135147564124,0.157326691158396,0.118601493303706,0.090294597410343
"San Antonio-New Braunfels, TX",67944,1611,2.37107029318262,41700,28.4868784778147,0.0127275026638377,0.265104432138881,0.402444197450093,0.270226110937234,0.0494977568099538,0.774467143993452,0.213846307868801,0.0116865481377468,0.761712587608154,0.231979567715514,0.00630784467633245,0.035454615024935,0.955451278413434,0.00909410656163075,0.0625197523441036,0.936022960422364,0.00145728723353198,0.0370607917149177,0.959435426822444,0.00350378146263864,0.143808556961068,0.853899378138789,0.00229206490014271,0.821742753329384,0.134386426871941,0.0438708197986749,0.231626830090012,0.18450957153567,0.166792535472012,0.173883999558986,0.133471446402095,0.109715616941226
"San Jose-Sunnyvale-Santa Clara, CA",22689,333,1.4676715589052,41940,26.1978241263975,0.0210496283258589,0.415261951343592,0.394267479853546,0.151489311834856,0.0179316286421471,0.872289675679769,0.127710324320231,0,0.894203209460793,0.103709461084724,0.0020873294544827,0.0250846119107522,0.969234717995803,0.00568067009344458,0.062428441804175,0.935876758865326,0.00169479933049854,0.0179369043738904,0.978680874611435,0.00338222101467397,0.127831798351875,0.871105401213498,0.00106280043462716,0.81687061899718,0.0653552353103633,0.117774145692456,0.199486760550205,0.202186110501039,0.183032341469229,0.178284272679624,0.132648637238486,0.104361877561417
"Scottsbluff, NE",433,8,1.84757505773672,42420,28.5013125433565,0.018687525652391,0.266013483566222,0.382519189546082,0.281647977698278,0.051131823537028,0.792539131962185,0.203972593158318,0.00348827487949711,0.841807289499202,0.153941872829815,0.00425083767098293,0.0470872771283077,0.946802751467689,0.00610997140400314,0.0848851027496316,0.912915194503587,0.00219970274678135,0.0295383491707377,0.965347638006227,0.00511401282303491,0.150501986863674,0.847729514876211,0.00176849826011542,0.763409603886595,0.207810520819676,0.0287798752937288,0.184228016710987,0.159753879351466,0.130047035228877,0.186688579607584,0.166517006745175,0.172765482355911
"Shreveport-Bossier City, LA",12892,503,3.90164443065467,43340,28.8729213466418,0.0151128147439581,0.249252775048081,0.401518378805442,0.265757406188545,0.0683586252139737,0.760671234351316,0.235682394065995,0.00364637158268871,0.767982803188602,0.231332420760599,0.000684776050799421,0.0565743541777486,0.937828903337906,0.00559674248434513,0.078990462485274,0.914392604624664,0.00661693289006246,0.0194139713862904,0.974573022788564,0.00601300582514605,0.13511715676771,0.863370692882489,0.00151215034980069,0.74750481912137,0.224938145472892,0.0275570354057382,0.226651104595392,0.167947013372655,0.146816895827903,0.180197279591683,0.148342465862514,0.130045240749853
"Sioux City, IA-NE-SD",8350,120,1.43712574850299,43580,28.5529407458776,0.0125375638054808,0.271803007735238,0.398431912658196,0.263855055018247,0.0533724607828386,0.84041251098988,0.159337722287516,0.000249766722604104,0.865303988749916,0.123774351704723,0.0109216595453608,0.0385334670665138,0.95540965783449,0.00605687509899679,0.0643812472373538,0.935014950361622,0.000603802401023718,0.0361886030973971,0.962132662685501,0.0016787342171017,0.117476733490672,0.880892756839809,0.00163050966951854,0.785862101483774,0.188881260148391,0.0252566383678352,0.20441633420412,0.162332550144941,0.167829975040871,0.174669326802037,0.151866899220226,0.138884914587805
"Sioux Falls, SD",8498,86,1.01200282419393,43620,27.7210119521058,0.0100537362522279,0.327201920306737,0.390220601226574,0.236756922670132,0.0357668195443282,0.889093617670806,0.109461178755663,0.00144520357353075,0.892359770753827,0.0997889497607085,0.00785127948546479,0.0377119417976433,0.956113698907313,0.0061743592950441,0.0653902810880655,0.933258409706403,0.00135130920553182,0.0187128510941471,0.979877053348162,0.00141009555769033,0.102432823631296,0.895703768345067,0.00186340802363725,0.79346450018654,0.179759611317712,0.0267758884957482,0.202475481649366,0.211288392007133,0.155238655592304,0.174512630575746,0.141169685939808,0.115315154235643
"South Bend-Mishawaka, IN-MI",7393,139,1.88015690518058,43780,28.2208993686862,0.0225980368119691,0.260420592138695,0.412529289512881,0.259077359452883,0.0453747220835715,0.809240462736307,0.18968770820214,0.00107182906155317,0.87578129962433,0.118264179497322,0.00595452087834884,0.048909661451297,0.942708584583134,0.00838175396556927,0.0938062388116229,0.903872855503121,0.00232090568525648,0.0316161252938431,0.968383874706157,0,0.111302881458968,0.888697118541032,0,0.731798234759687,0.19599991169723,0.072201853543083,0.163538658932671,0.214790056240666,0.138821890283354,0.173453506366732,0.175932017234346,0.133463870942231
"Spartanburg, SC",6974,199,2.85345569257241,43900,28.2201497662027,0.0170402837971662,0.310530718721272,0.373706707844591,0.240254461250464,0.0584678283865067,0.783899570661176,0.211689353822202,0.00441107551662132,0.84803991435782,0.14796649155189,0.00399359409028981,0.0390428582889304,0.946005152005426,0.0149519897056437,0.0779622832401056,0.916977451783999,0.00506026497589521,0.0298403480953039,0.965771377448996,0.0043882744557003,0.147055683749451,0.85012874199932,0.00281557425122881,0.749726078065058,0.209472274525148,0.0408016474097947,0.214441276414285,0.150787883317101,0.149092569910799,0.1875912314036,0.156850629898799,0.141236409055417
"Spokane-Spokane Valley, WA",7176,172,2.39687848383501,44060,27.8250681833673,0.0177060584585477,0.331062445153181,0.374640456414013,0.228601522757667,0.0479895172165913,0.844524966791275,0.152784165942516,0.00269086726620936,0.890789031873868,0.10080908886492,0.00840187926121159,0.0376839523663509,0.955418567141603,0.00689748049204572,0.0879609252630964,0.907896106982825,0.00414296775407907,0.0303583411571536,0.966044075691158,0.00359758315168812,0.113427556381222,0.884888477766502,0.00168396585227582,0.797137041216816,0.17576254705726,0.0271004117259235,0.212596154993774,0.164578972201736,0.151487353353603,0.172661549510589,0.161780113626425,0.136895856313874
"Springfield, MA",10391,993,9.55634683861034,44140,27.3396045665104,0.023270266627795,0.330859020124208,0.403211339570224,0.20807894415402,0.0345804295237525,0.811278130343271,0.184653179774878,0.00406868988185084,0.923504115790907,0.0675597341860969,0.00893615002299632,0.0407157101159228,0.95095257760243,0.00833171228164688,0.0675411125867757,0.929074313285282,0.0033845741279426,0.0370692150289874,0.959639251043904,0.0032915339271089,0.128280430068726,0.869816680429464,0.00190288950181,0.765601066740205,0.182132617654864,0.0522663156049312,0.249127274412963,0.142504302468402,0.139620460452175,0.182612605077148,0.154200688502608,0.131934669086703
"St. Cloud, MN",4687,28,0.59739705568594,41060,27.7411665189758,0.0156551098635166,0.288305899974647,0.434304936075471,0.230909744665063,0.0308243094213024,0.881966666572213,0.116105073387501,0.00192826004028537,0.934865223438143,0.0603138043136978,0.00482097224815897,0.0274635873171409,0.965976913652077,0.00655949903078187,0.0672300090616538,0.930383604399889,0.00238638653845681,0.0187234920387376,0.979021959223542,0.00225454873772062,0.10253786881826,0.895071964840741,0.00239016634099879,0.810357675786293,0.150047596560407,0.0395947276532998,0.257288599630582,0.170789298594096,0.139973836528171,0.167387725596727,0.136910096267449,0.127650443382975
"St. Louis, MO-IL",54369,1423,2.6173002998032,41180,28.0344678874372,0.016582023312734,0.312847924289535,0.386727344609059,0.232543874934213,0.0512988328544589,0.834299228471135,0.163891505158702,0.00180926637016267,0.898416054333619,0.0970746548202071,0.00450929084617418,0.0426404272475506,0.951120430834913,0.00623914191753599,0.0732270136421455,0.925388708389242,0.00138427796861218,0.0286713088820667,0.968949599627624,0.00237909149030973,0.132733460950009,0.865454551638616,0.00181198741137558,0.783346143209447,0.187516535357506,0.0291373214330477,0.192091121295036,0.174232921394553,0.157540859679557,0.189302982374651,0.149445477129702,0.137386638126501
"Syracuse, NY",5424,194,3.57669616519174,45060,28.1937470263845,0.0207085779969391,0.288005365297895,0.398609372683271,0.233293247627889,0.0593834363940064,0.84596141708803,0.152606027794937,0.00143255511703281,0.910260419207318,0.0805836359222775,0.00915594487040406,0.0391322033857796,0.954902498490208,0.00596529812401252,0.0576429794702474,0.938619741186754,0.00373727934299845,0.0329256978595246,0.965916351999061,0.00115795014141485,0.125828669085391,0.873204714455669,0.000966616458939971,0.754064039959234,0.181859331891562,0.064076628149204,0.216153901221258,0.157439711546918,0.149547631263241,0.171560256773031,0.168788316382609,0.136510182812942
"Tallahassee, FL",15180,143,0.942028985507246,45220,27.7346307146816,0.0253202901241208,0.342967085940391,0.340148116188387,0.238794459536335,0.0527700482107671,0.863729487785244,0.132664944079571,0.00360556813518415,0.865596208354162,0.132248610879051,0.00215518076678651,0.0293326096351756,0.962469146595358,0.00819824376946624,0.0620334781428968,0.93516591640506,0.00280060545204339,0.024047237754438,0.97183313661698,0.00411962562858157,0.116212242422451,0.87987847892664,0.00390927865090994,0.813621548081662,0.13655500016065,0.0498234517576875,0.30168882910013,0.171111880078919,0.136374904220142,0.147065887513242,0.142578375386783,0.101180123700784
"Tampa-St. Petersburg-Clearwater, FL",76926,1734,2.25411434365494,45300,27.642065439324,0.0196917023108361,0.315523034872319,0.415173423612557,0.209714854701272,0.0398969845030161,0.798911738158024,0.196632648434711,0.00445561340726498,0.834024179372169,0.159569661151793,0.00640615947603814,0.0536295416814313,0.938607153853569,0.00776330446499936,0.0837783150301869,0.913744491615655,0.00247719335415777,0.0282285366399525,0.96908923712325,0.00268222623679794,0.139010265371204,0.858326596697005,0.00266313793179075,0.761175344785951,0.18248791879314,0.0563367364209088,0.1730157264027,0.160348342820737,0.152369674306459,0.186022411834546,0.16380548653358,0.164438358101978
"Toledo, OH",10149,468,4.61129175288206,45780,28.4402915127932,0.023041570251923,0.281106073314915,0.381297257540573,0.266428219960158,0.0481268789324314,0.812908301886723,0.18531805288338,0.00177364522989696,0.888505174696921,0.104711299232221,0.0067835260708575,0.0548961766485387,0.938655998677983,0.00644782467347776,0.0655770105998642,0.932311635122992,0.00211135427714398,0.0326006940888574,0.964032611828203,0.00336669408293937,0.134934795960472,0.863902602099493,0.00116260194003519,0.765537354225572,0.194234538023669,0.0402281077507599,0.226546209851168,0.162905762154466,0.15218185401341,0.176568219879816,0.151668039443559,0.13012991465758
"Topeka, KS",3434,39,1.13570180547467,45820,28.8407806336738,0.0172962181102313,0.27086354404698,0.395382535303114,0.256307493958626,0.0601502085810487,0.823146788906967,0.174988461587619,0.00186474950541383,0.872752892668091,0.117125059361113,0.0101220479707952,0.0399012674068088,0.950878566920379,0.00922016567281236,0.0770732052612286,0.920411122947079,0.00251567179169219,0.0337632759597614,0.962723755167969,0.00351296887226981,0.133861409318961,0.865188756881688,0.000949833799350364,0.7603540280782,0.188405036836459,0.0512409350853412,0.181746816027112,0.168838943200982,0.146686264910154,0.180029874558788,0.170472900920579,0.152225200382386
"Tulsa, OK",24050,302,1.25571725571726,46140,28.3428395153064,0.0142628631138116,0.290471911297686,0.392838557074125,0.250089719126483,0.0523369493878953,0.80256475187438,0.191679920877584,0.00546053308911929,0.852361831179846,0.14248844977721,0.00485492488402826,0.0478015320258835,0.944865770207401,0.00703790360779894,0.0658068809055511,0.930367303593263,0.00353102134226891,0.0297899195049935,0.96658263382104,0.00333265251505001,0.136006191542922,0.859570025015533,0.00412898928262846,0.774129450038114,0.192798047425375,0.0327777083775941,0.199942044575806,0.184309671817684,0.154243522314721,0.172400115665601,0.157093060748139,0.131716790719131
"Tuscaloosa, AL",10660,176,1.65103189493433,46220,28.2187534717583,0.015363332137011,0.301563147120542,0.3682946117839,0.263875550077396,0.0509033588811508,0.786437321407124,0.21063120068783,0.0029314779050456,0.859471530726918,0.134516053311726,0.00601241596135636,0.0354719480412427,0.956471407853823,0.00805664410493411,0.0687871332661713,0.92925898209291,0.00195388464091857,0.0261589172049659,0.971484066399668,0.00235701639536643,0.136951451332703,0.861144681939444,0.00190386672785366,0.743295871773285,0.207975951535903,0.0487281766908123,0.267875122536918,0.191766530193584,0.13833188924144,0.154005171586334,0.129377753691149,0.118643532750575
"Utica-Rome, NY",2774,133,4.79452054794521,46540,28.0267403907556,0.0257410990781388,0.267194945794766,0.407168771555248,0.255561516503121,0.0443336670687252,0.819258569497998,0.17787648896872,0.00286494153328252,0.933393501786602,0.0616966442901453,0.00490985392325319,0.0464227419850379,0.940429839776593,0.0131474182383689,0.0765546237656388,0.922524255027146,0.000921121207214845,0.0212914828158515,0.974882236124214,0.00382628105993462,0.15988897479156,0.838094037701862,0.0020169875065782,0.772747575066095,0.163344342598552,0.0639080823353528,0.186095975366911,0.158353313226062,0.139011993049485,0.176893233034943,0.170344314558469,0.169301170764129
"Virginia Beach-Norfolk-Newport News, VA-NC",5971,121,2.02646122927483,47260,27.9768525817781,0.0120686788719885,0.298570896374698,0.400376981840102,0.251146843828596,0.0378365990846156,0.840777671099963,0.156609617826757,0.00261271107327995,0.882430204040717,0.113167010770282,0.00440278518900145,0.0351408535367214,0.960745882372487,0.00411326409079148,0.0629120299974442,0.934941273301197,0.00214669670135848,0.0230240658392596,0.974740828833376,0.00223510532736432,0.134129126478859,0.864673102020913,0.00119777150022755,0.778533328466837,0.180560924904585,0.0409057466285781,0.244349801734288,0.17281180996166,0.155570398789966,0.17677444780539,0.13459568542497,0.115897856283726
"Washington-Arlington-Alexandria, DC-VA-MD-WV",112665,3149,2.795011760529,47894,27.3082033728926,0.0192899081487957,0.333870631034417,0.409339868751048,0.204823100029203,0.0326764920365364,0.873950692494789,0.123996971687301,0.00205233581791019,0.883940755324138,0.111338545280304,0.00472069939555751,0.0254398882700019,0.969355527788952,0.00520458394104617,0.0506614663084093,0.946373471127822,0.0029650625637683,0.0224020451550164,0.973909452264841,0.00368850258014224,0.107377239172058,0.890352739866049,0.00227002096189258,0.836468984819038,0.12073502538991,0.0427959897910519,0.213638837503633,0.19602339384096,0.186759525670921,0.179535096622693,0.127929126814951,0.096114019546842
"Wichita Falls, TX",2005,27,1.34663341645885,48660,28.5173740583109,0.0294940374156838,0.236692207527134,0.418752486861886,0.262063711357762,0.0529975568375345,0.751974549833978,0.232371317654849,0.0156541325111731,0.815719640677386,0.169651819270339,0.0146285400522754,0.0814636471148775,0.904600581447472,0.0139357714376504,0.0641525582263664,0.934501381506333,0.0013460602673005,0.0271745303648753,0.970714192189061,0.00211127744606396,0.157471085624049,0.841289079731696,0.00123983464425507,0.785366524180917,0.147211776832252,0.0674216989868307,0.230847225717426,0.151763481039305,0.177307006557762,0.162793446886082,0.138309033054436,0.138979806744989
"Wichita, KS",10656,107,1.00412912912913,48620,28.7410744106636,0.0184826542657277,0.281389847254686,0.39541104920583,0.246253261987905,0.058463187285851,0.8306912443383,0.166258895313048,0.00304986034865232,0.842665391368414,0.148644118877273,0.00869048975431378,0.0431098247895486,0.949204098716015,0.00768607649443685,0.0691446924178594,0.927932553222312,0.00292275435982827,0.0271023346063685,0.969445617669641,0.00345204772399079,0.1271724027543,0.870401139635046,0.00242645761065501,0.762578741338923,0.189178060529151,0.0482431981319265,0.213266397888208,0.178504725166369,0.159050670582833,0.174581588484205,0.149153263393076,0.125443354485311
"Winston-Salem, NC",11700,159,1.35897435897436,49180,28.1759020143571,0.00962578355405339,0.325214818823458,0.371353558298477,0.243143865676861,0.0506619736471514,0.820560891346013,0.177513230141095,0.00192587851289213,0.777768072613518,0.222231927386482,0,0.041941570050355,0.94894557996641,0.0091128499832345,0.0950789807765198,0.904410910800169,0.000510108423310972,0.0378076607359332,0.961481828620871,0.000710510643196155,0.14422760159779,0.85577239840221,0,0.717642635966142,0.259341056170627,0.0230163078632311,0.182095339285965,0.151085880946573,0.170503461575796,0.198898783642409,0.155108076678967,0.14230845787029
"Worcester, MA-CT",16106,1131,7.02222774121445,49340,27.5430268411497,0.0156417192754701,0.312115494594727,0.423999326974447,0.213856280975871,0.0343871781794856,0.838966119025076,0.157874733862332,0.00315914711259208,0.943331041709931,0.0527709799981651,0.00389797829190388,0.0450342004321917,0.94872072964655,0.00624506992125787,0.0753292629511695,0.921579372110491,0.00309136493833909,0.0245297885541323,0.971759372239297,0.00371083920657092,0.127564867488676,0.870543001652499,0.0018921308588256,0.772782425743017,0.165911874722591,0.0613056995343911,0.199947616704107,0.15502149300145,0.17177543993776,0.197457390838753,0.150812687810597,0.124985371707333
"Youngstown-Warren-Boardman, OH-PA",5801,434,7.48146871229098,49660,27.7886292707446,0.0126108612369853,0.33897678653153,0.352837880756508,0.248859186722411,0.0467152847525661,0.825199283458197,0.174800716541803,0,0.881194202357569,0.114564734482496,0.00424106315993484,0.0416741928611719,0.952645050956022,0.00568075618280594,0.0585686330907595,0.940585257826666,0.000846109082574799,0.0277801659091453,0.972219834090855,0,0.117760820048682,0.882239179951318,0,0.722312447255458,0.236561247984923,0.0411263047596192,0.213135472410918,0.112456813137653,0.143314523586256,0.187391209012051,0.172083137714869,0.171618844138252
